orgao_id;codigo_setor;nome_setor;ativo;logradouro;numero;complemento;bairro;cidade;estado;cep;telefone;email;data_criacao;data_atualizacao;latitude;longitude
04e86ec7-8fdd-4e80-ade9-1d4eb45447a3;013.AGEATABR;Agência de Atendimento de Abreulândia;1;R. Mariano Pereira;sem número;;Centro;Abreulândia;TO;77693-000;(63) 1234-1234;atualizar_email@sefaz.to.gov.br;14/10/2025 09:26;14/11/2025 08:10;-96221526;-491558343
04e86ec7-8fdd-4e80-ade9-1d4eb45447a3;013.AGEATAGU;Agência de Atendimento de Aguiarnópolis;1;atualizar endereço;0;;CENTRO;AGUIARNOPOLIS;TO;77908-000;63 - 1234-5678;atualizar_email@sefaz.to.gov.br;14/10/2025 09:26;14/11/2025 08:10;-656256251;-474710243
04e86ec7-8fdd-4e80-ade9-1d4eb45447a3;013.AGEATALT;Agência de Atendimento de Aliança do Tocantins;1;atualizar endereço;0;;CENTRO;ALIANCA DO TOCANTINS;TO;77455000;63 - 1234-5678;atualizar_email@sefaz.to.gov.br;14/10/2025 09:26;14/11/2025 08:10;-1130677761;-4893887309
04e86ec7-8fdd-4e80-ade9-1d4eb45447a3;013.AGEATALM;Agência de Atendimento de Almas;1;atualizar endereço;0;;CENTRO;ALMAS;TO;77310000;63 - 1234-5678;atualizar_email@sefaz.to.gov.br;14/10/2025 09:26;14/11/2025 08:10;-1156794243;-4717041349
04e86ec7-8fdd-4e80-ade9-1d4eb45447a3;013.AGEATALV;Agência de Atendimento de Alvorada;1;atualizar endereço;0;;CENTRO;ALVORADA;TO;77480000;63 - 1234-5678;atualizar_email@sefaz.to.gov.br;14/10/2025 09:26;14/11/2025 08:18;-1249298486;-4913165217
04e86ec7-8fdd-4e80-ade9-1d4eb45447a3;013.AGEATANN;Agência de Atendimento de Ananás;1;atualizar endereço;0;;CENTRO;ANANAS;TO;77890000;63 - 1234-5678;atualizar_email@sefaz.to.gov.br;14/10/2025 09:26;14/11/2025 08:15;-636779215;-4807313905
04e86ec7-8fdd-4e80-ade9-1d4eb45447a3;013.AGEATANG;Agência de Atendimento de Angico;1;atualizar endereço;0;;CENTRO;ANGICO;TO;77905000;63 - 1234-5678;atualizar_email@sefaz.to.gov.br;14/10/2025 09:26;14/11/2025 08:15;-639083582;-4786685008
04e86ec7-8fdd-4e80-ade9-1d4eb45447a3;013.AGEATARN;Agência de Atendimento de Aparecida do Rio Negro;1;atualizar endereço;0;;CENTRO;APARECIDA DO RIO NEGRO;TO;77620000;63 - 1234-5678;atualizar_email@sefaz.to.gov.br;14/10/2025 09:26;14/11/2025 08:15;-99516537;-4797803725
04e86ec7-8fdd-4e80-ade9-1d4eb45447a3;013.AGEATARG;Agência de Atendimento de Aragominas;1;atualizar endereço;0;;CENTRO;ARAGOMINAS;TO;77845000;63 - 1234-5678;atualizar_email@sefaz.to.gov.br;14/10/2025 09:26;14/11/2025 08:15;-716556223;-4852594278
04e86ec7-8fdd-4e80-ade9-1d4eb45447a3;013.AGEATARC;Agência de Atendimento de Araguacema;1;atualizar endereço;0;;CENTRO;ARAGUACEMA;TO;77690000;63 - 1234-5678;atualizar_email@sefaz.to.gov.br;14/10/2025 09:26;14/11/2025 08:15;-881696515;-4955996086
04e86ec7-8fdd-4e80-ade9-1d4eb45447a3;013.AGEATARU;Agência de Atendimento de Araguaçu;1;atualizar endereço;0;;CENTRO;ARAGUACU;TO;77475000;63 - 1234-5678;atualizar_email@sefaz.to.gov.br;14/10/2025 09:26;14/11/2025 08:15;-1292665084;-4982941942
04e86ec7-8fdd-4e80-ade9-1d4eb45447a3;013.AGEATARA;Agência de Atendimento de Araguaína;1;atualizar endereço;0;;CENTRO;ARAGUAINA;TO;77804180;63 - 1234-5678;atualizar_email@sefaz.to.gov.br;14/10/2025 09:26;14/11/2025 08:15;-718790788;-4821020785
04e86ec7-8fdd-4e80-ade9-1d4eb45447a3;013.AGEATAGN;Agência de Atendimento de Araguanã;1;atualizar endereço;0;;CENTRO;ARAGUANÃ;TO;77855000;63 - 1234-5678;atualizar_email@sefaz.to.gov.br;14/10/2025 09:26;14/11/2025 08:15;-658020265;-486424929
04e86ec7-8fdd-4e80-ade9-1d4eb45447a3;013.AGEATAGI;Agência de Atendimento de Araguatins;1;atualizar endereço;0;;CENTRO;ARAGUATINS;TO;77950000;63 - 1234-5678;atualizar_email@sefaz.to.gov.br;14/10/2025 09:26;14/11/2025 08:15;-564611309;-4811789532
04e86ec7-8fdd-4e80-ade9-1d4eb45447a3;013.AGEATARP;Agência de Atendimento de Arapoema;1;atualizar endereço;0;;CENTRO;ARAPOEMA;TO;77780000;63 - 1234-5678;atualizar_email@sefaz.to.gov.br;14/10/2025 09:26;14/11/2025 08:15;-765730758;-4906621335
04e86ec7-8fdd-4e80-ade9-1d4eb45447a3;013.AGEATARR;Agência de Atendimento de Arraias;1;atualizar endereço;0;;CENTRO;ARRAIAS;TO;77330000;63 - 1234-5678;atualizar_email@sefaz.to.gov.br;14/10/2025 09:26;14/11/2025 08:15;-1292648446;-4694742596
04e86ec7-8fdd-4e80-ade9-1d4eb45447a3;013.AGEATAUG;Agência de Atendimento de Augustinópolis;1;atualizar endereço;0;;CENTRO;SAMPAIO;TO;77980000;63 - 1234-5678;atualizar_email@sefaz.to.gov.br;14/10/2025 09:26;14/11/2025 08:15;-535306399;-4787794871
04e86ec7-8fdd-4e80-ade9-1d4eb45447a3;013.AGEATAUT;Agência de Atendimento de Aurora do Tocantins;1;atualizar endereço;0;;CENTRO;AURORA DO TOCANTINS;TO;77325000;63 - 1234-5678;atualizar_email@sefaz.to.gov.br;14/10/2025 09:26;14/11/2025 08:15;-1271259782;-4640821519
04e86ec7-8fdd-4e80-ade9-1d4eb45447a3;013.AGEATAXT;Agência de Atendimento de Axixá do Tocantins;1;atualizar endereço;0;;CENTRO;AXIXA DO TOCANTINS;TO;77930000;63 - 1234-5678;atualizar_email@sefaz.to.gov.br;14/10/2025 09:26;14/11/2025 08:15;-561353831;-4776648583
04e86ec7-8fdd-4e80-ade9-1d4eb45447a3;013.AGEATBBL;Agência de Atendimento de Babaçulândia;1;atualizar endereço;0;;CENTRO;BABACULANDIA;TO;77870000;63 - 1234-5678;atualizar_email@sefaz.to.gov.br;14/10/2025 09:26;14/11/2025 08:15;-720257193;-4775975064
04e86ec7-8fdd-4e80-ade9-1d4eb45447a3;013.AGEATBAT;Agência de Atendimento de Bandeirantes do Tocantins;1;atualizar endereço;0;;CENTRO;BANDEIRANTES DO TOCANTINS;TO;77783000;63 - 1234-5678;atualizar_email@sefaz.to.gov.br;14/10/2025 09:26;14/11/2025 08:15;-77604789;-4857865857
04e86ec7-8fdd-4e80-ade9-1d4eb45447a3;013.AGEATBAR;Agência de Atendimento de Barrolândia;1;atualizar endereço;0;;CENTRO;BARROLANDIA;TO;77665000;63 - 1234-5678;atualizar_email@sefaz.to.gov.br;14/10/2025 09:26;14/11/2025 08:15;-9836278;-4872490463
04e86ec7-8fdd-4e80-ade9-1d4eb45447a3;013.AGEATBES;Agência de Atendimento de Bernardo Sayão;1;atualizar endereço;0;;CENTRO;BERNARDO SAYAO;TO;77755000;63 - 1234-5678;atualizar_email@sefaz.to.gov.br;14/10/2025 09:26;14/11/2025 08:15;-788043425;-4889638194
04e86ec7-8fdd-4e80-ade9-1d4eb45447a3;013.AGEATBJT;Agência de Atendimento de Bom Jesus do Tocantins;1;atualizar endereço;0;;CENTRO;BOM JESUS DO TOCANTINS;TO;77714000;63 - 1234-5678;atualizar_email@sefaz.to.gov.br;14/10/2025 09:26;14/11/2025 08:15;-896216893;-4816224659
04e86ec7-8fdd-4e80-ade9-1d4eb45447a3;013.AGEATBRT;Agência de Atendimento de Brasilândia do Tocantins;1;atualizar endereço;0;;CENTRO;BRASILANDIA DO TOCANTINS;TO;77735000;63 - 1234-5678;atualizar_email@sefaz.to.gov.br;14/10/2025 09:26;14/11/2025 08:15;-838832003;-4848438475
04e86ec7-8fdd-4e80-ade9-1d4eb45447a3;013.AGEATBRN;Agência de Atendimento de Brejinho de Nazaré;1;atualizar endereço;0;;CENTRO;BREJINHO DE NAZARE;TO;77560000;63 - 1234-5678;atualizar_email@sefaz.to.gov.br;14/10/2025 09:26;14/11/2025 08:15;-1101393859;-4856392375
04e86ec7-8fdd-4e80-ade9-1d4eb45447a3;013.AGEATBUT;Agência de Atendimento de Buriti do Tocantins;1;atualizar endereço;0;;CENTRO;BURITI DO TOCANTINS;TO;77995000;63 - 1234-5678;atualizar_email@sefaz.to.gov.br;14/10/2025 09:26;14/11/2025 08:15;-531616092;-4822666339
04e86ec7-8fdd-4e80-ade9-1d4eb45447a3;013.AGEATCAL;Agência de Atendimento de Campos Lindos;1;atualizar endereço;0;;CENTRO;CAMPOS LINDOS;TO;77777000;63 - 1234-5678;atualizar_email@sefaz.to.gov.br;14/10/2025 09:26;14/11/2025 08:15;-797383037;-4680170642
04e86ec7-8fdd-4e80-ade9-1d4eb45447a3;013.AGEATCRR;Agência de Atendimento de Cariri do Tocantins;1;atualizar endereço;0;;CENTRO;CARIRI DO TOCANTINS;TO;77453000;63 - 1234-5678;atualizar_email@sefaz.to.gov.br;14/10/2025 09:26;14/11/2025 08:15;-1189183885;-4915982345
04e86ec7-8fdd-4e80-ade9-1d4eb45447a3;013.AGEATCAR;Agência de Atendimento de Carmolândia;1;atualizar endereço;0;;CENTRO;CARMOLANDIA;TO;77840000;63 - 1234-5678;atualizar_email@sefaz.to.gov.br;14/10/2025 09:26;14/11/2025 08:15;-703554318;-4839600976
04e86ec7-8fdd-4e80-ade9-1d4eb45447a3;013.AGEATCAS;Agência de Atendimento de Caseara;1;atualizar endereço;0;;CENTRO;CASEARA;TO;77680000;63 - 1234-5678;atualizar_email@sefaz.to.gov.br;14/10/2025 09:26;14/11/2025 08:15;-927089821;-4995509705
04e86ec7-8fdd-4e80-ade9-1d4eb45447a3;013.AGEATCOL;Agência de Atendimento de Colinas do Tocantins;1;atualizar endereço;0;;CENTRO;COLINAS DO TOCANTINS;TO;77760000;63 - 1234-5678;atualizar_email@sefaz.to.gov.br;14/10/2025 09:26;14/11/2025 08:15;-805561687;-4847679668
04e86ec7-8fdd-4e80-ade9-1d4eb45447a3;013.AGEATCML;Agência de Atendimento de Colméia;1;atualizar endereço;0;;CENTRO;COLMEIA;TO;77725000;63 - 1234-5678;atualizar_email@sefaz.to.gov.br;14/10/2025 09:26;14/11/2025 08:15;-87298533;-4875524082
04e86ec7-8fdd-4e80-ade9-1d4eb45447a3;013.AGEATCBN;Agência de Atendimento de Combinado;1;atualizar endereço;0;;CENTRO;COMBINADO;TO;77350000;63 - 1234-5678;atualizar_email@sefaz.to.gov.br;14/10/2025 09:26;14/11/2025 08:15;-1281211057;-465483844
04e86ec7-8fdd-4e80-ade9-1d4eb45447a3;013.AGEATCOT;Agência de Atendimento de Conceição do Tocantins;1;atualizar endereço;0;;CENTRO;CONCEICAO DO TOCANTINS;TO;77305000;63 - 1234-5678;atualizar_email@sefaz.to.gov.br;14/10/2025 09:26;14/11/2025 08:15;-1222112271;-4729368428
04e86ec7-8fdd-4e80-ade9-1d4eb45447a3;013.AGEATCOM;Agência de Atendimento de Couto Magalhães;1;atualizar endereço;0;;CENTRO;COUTO MAGALHAES;TO;77750000;63 - 1234-5678;atualizar_email@sefaz.to.gov.br;14/10/2025 09:26;14/11/2025 08:15;-835932739;-4917851748
04e86ec7-8fdd-4e80-ade9-1d4eb45447a3;013.AGEATCRI;Agência de Atendimento de Cristalãndia;1;atualizar endereço;0;;CENTRO;CRISTALÂNDIA;TO;77490000;63 - 1234-5678;atualizar_email@sefaz.to.gov.br;14/10/2025 09:26;14/11/2025 08:15;-1059956173;-4919369924
04e86ec7-8fdd-4e80-ade9-1d4eb45447a3;013.AGEATDAR;Agência de Atendimento de Darcinópolis;1;atualizar endereço;0;;CENTRO;DARCINOPOLIS;TO;77910000;63 - 1234-5678;atualizar_email@sefaz.to.gov.br;14/10/2025 09:26;14/11/2025 08:15;-670896138;-4775139313
04e86ec7-8fdd-4e80-ade9-1d4eb45447a3;013.AGEATDIA;Agência de Atendimento de Dianópolis;1;atualizar endereço;0;;CENTRO;DIANOPOLIS;TO;77300000;63 - 1234-5678;atualizar_email@sefaz.to.gov.br;14/10/2025 09:26;14/11/2025 08:15;-1161999625;-4682309188
04e86ec7-8fdd-4e80-ade9-1d4eb45447a3;013.AGEATDIV;Agência de Atendimento de Divinópolis do Tocantins;1;atualizar endereço;0;;CENTRO;DIVINOPOLIS DO TOCANTINS;TO;77670000;63 - 1234-5678;atualizar_email@sefaz.to.gov.br;14/10/2025 09:26;14/11/2025 08:15;-980096528;-4921154317
04e86ec7-8fdd-4e80-ade9-1d4eb45447a3;013.AGEATDOI;Agência de Atendimento de Dois irmãos do Tocantins;1;atualizar endereço;0;;CENTRO;DOIS IRMÃOS DO TOCANTINS;TO;77685000;63 - 1234-5678;atualizar_email@sefaz.to.gov.br;14/10/2025 09:26;14/11/2025 08:15;-925356354;-490658034
04e86ec7-8fdd-4e80-ade9-1d4eb45447a3;013.AGEATDUE;Agência de Atendimento de Dueré;1;atualizar endereço;0;;CENTRO;DUERE;TO;77485000;63 - 1234-5678;atualizar_email@sefaz.to.gov.br;14/10/2025 09:26;14/11/2025 08:15;-113428046;-4926678068
04e86ec7-8fdd-4e80-ade9-1d4eb45447a3;013.AGEATFAT;Agência de Atendimento de Fátima;1;atualizar endereço;0;;CENTRO;FATIMA;TO;77555000;63 - 1234-5678;atualizar_email@sefaz.to.gov.br;14/10/2025 09:26;14/11/2025 08:15;-1075941919;-4890421942
04e86ec7-8fdd-4e80-ade9-1d4eb45447a3;013.AGEATFIG;Agência de Atendimento de Figueirópolis;1;atualizar endereço;0;;CENTRO;FIGUEIROPOLIS;TO;77465000;63 - 1234-5678;atualizar_email@sefaz.to.gov.br;14/10/2025 09:26;14/11/2025 08:15;-1213411729;-4917324924
04e86ec7-8fdd-4e80-ade9-1d4eb45447a3;013.AGEATFID;Agência de Atendimento de Filadélfia;1;atualizar endereço;0;;CENTRO;FILADELFIA;TO;77795000;63 - 1234-5678;atualizar_email@sefaz.to.gov.br;14/10/2025 09:26;14/11/2025 08:15;-733709974;-4749678275
04e86ec7-8fdd-4e80-ade9-1d4eb45447a3;013.AGEATFOA;Agência de Atendimento de Formoso do Araguaia;1;atualizar endereço;0;;CENTRO;FORMOSO DO ARAGUAIA;TO;77470000;63 - 1234-5678;atualizar_email@sefaz.to.gov.br;14/10/2025 09:26;14/11/2025 08:15;-1180786744;-4952335182
04e86ec7-8fdd-4e80-ade9-1d4eb45447a3;013.AGEATGOI;Agência de Atendimento de Goianorte;1;atualizar endereço;0;;CENTRO;GOIANORTE;TO;77695000;63 - 1234-5678;atualizar_email@sefaz.to.gov.br;14/10/2025 09:26;14/11/2025 08:15;-877052588;-489353388
04e86ec7-8fdd-4e80-ade9-1d4eb45447a3;013.AGEATGOT;Agência de Atendimento de Goiatins;1;atualizar endereço;0;;CENTRO;GOIATINS;TO;77770000;63 - 1234-5678;atualizar_email@sefaz.to.gov.br;14/10/2025 09:26;14/11/2025 08:15;-771143087;-4731702262
04e86ec7-8fdd-4e80-ade9-1d4eb45447a3;013.AGEATGUA;Agência de Atendimento de Guaraí;1;atualizar endereço;0;;CENTRO;GUARAI;TO;77700000;63 - 1234-5678;atualizar_email@sefaz.to.gov.br;14/10/2025 09:26;14/11/2025 08:15;-883809054;-4851318267
04e86ec7-8fdd-4e80-ade9-1d4eb45447a3;013.AGEATGUR;Agência de Atendimento de Gurupi;1;atualizar endereço;0;;CENTRO;GURUPI;TO;77410070;63 - 1234-5678;atualizar_email@sefaz.to.gov.br;14/10/2025 09:26;14/11/2025 08:15;-117199638;-4907489369
04e86ec7-8fdd-4e80-ade9-1d4eb45447a3;013.AGEATITA;Agência de Atendimento de Itacajá;1;atualizar endereço;0;;CENTRO;ITACAJA;TO;77720000;63 - 1234-5678;atualizar_email@sefaz.to.gov.br;14/10/2025 09:26;14/11/2025 08:15;-839109511;-47772244
04e86ec7-8fdd-4e80-ade9-1d4eb45447a3;013.AGEATITG;Agência de Atendimento de Itaguatins;1;atualizar endereço;0;;CENTRO;ITAGUATINS;TO;77920000;63 - 1234-5678;atualizar_email@sefaz.to.gov.br;14/10/2025 09:26;14/11/2025 08:15;-577367351;-4748091584
04e86ec7-8fdd-4e80-ade9-1d4eb45447a3;013.AGEATITP;Agência de Atendimento de Itapiratins;1;atualizar endereço;0;;CENTRO;ITAPIRATINS;TO;77718000;63 - 1234-5678;atualizar_email@sefaz.to.gov.br;14/10/2025 09:26;14/11/2025 08:15;-838326468;-4810648883
04e86ec7-8fdd-4e80-ade9-1d4eb45447a3;013.AGEATITT;Agência de Atendimento de Itaporã do Tocantins;1;atualizar endereço;0;;CENTRO;ITAPORA DO TOCANTINS;TO;77740000;63 - 1234-5678;atualizar_email@sefaz.to.gov.br;14/10/2025 09:26;14/11/2025 08:15;-857266116;-4869020596
04e86ec7-8fdd-4e80-ade9-1d4eb45447a3;013.AGEATJAT;Agência de Atendimento de Jaú do Tocantins;1;atualizar endereço;0;;CENTRO;JAU DO TOCANTINS;TO;77450000;63 - 1234-5678;atualizar_email@sefaz.to.gov.br;14/10/2025 09:26;14/11/2025 08:15;-1265267632;-4859176286
04e86ec7-8fdd-4e80-ade9-1d4eb45447a3;013.AGEATLAC;Agência de Atendimento de Lagoa da Confusão;1;atualizar endereço;0;;CENTRO;LAGOA DA CONFUSAO;TO;77493000;63 - 1234-5678;atualizar_email@sefaz.to.gov.br;14/10/2025 09:26;14/11/2025 08:15;-1078792529;-4962218119
04e86ec7-8fdd-4e80-ade9-1d4eb45447a3;013.AGEATLAT;Agência de Atendimento de Lagoa do Tocantins;1;atualizar endereço;0;;CENTRO;LAGOA DO TOCANTINS;TO;77613000;63 - 1234-5678;atualizar_email@sefaz.to.gov.br;14/10/2025 09:26;14/11/2025 08:15;-1029671499;-4756562129
04e86ec7-8fdd-4e80-ade9-1d4eb45447a3;013.AGEATLAG;Agência de Atendimento de Lajeado;1;atualizar endereço;0;;CENTRO;LAJEADO;TO;77645000;63 - 1234-5678;atualizar_email@sefaz.to.gov.br;14/10/2025 09:26;14/11/2025 08:15;-975461279;-4835601906
04e86ec7-8fdd-4e80-ade9-1d4eb45447a3;013.AGEATMAE;Agência de Atendimento de Mateiros;1;atualizar endereço;0;;CENTRO;MATEIROS;TO;77593000;63 - 1234-5678;atualizar_email@sefaz.to.gov.br;14/10/2025 09:26;14/11/2025 08:15;-1054664632;-464173509
04e86ec7-8fdd-4e80-ade9-1d4eb45447a3;013.AGEATMIT;Agência de Atendimento de Miracema do Tocantins;1;atualizar endereço;0;;CENTRO;MIRACEMA DO TOCANTINS;TO;77650000;63 - 1234-5678;atualizar_email@sefaz.to.gov.br;14/10/2025 09:26;14/11/2025 08:15;-955909616;-4840757681
04e86ec7-8fdd-4e80-ade9-1d4eb45447a3;013.AGEATMIR;Agência de Atendimento de Miranorte;1;atualizar endereço;0;;CENTRO;MIRANORTE;TO;77660000;63 - 1234-5678;atualizar_email@sefaz.to.gov.br;14/10/2025 09:26;14/11/2025 08:15;-953612284;-4859015601
04e86ec7-8fdd-4e80-ade9-1d4eb45447a3;013.AGEATMTC;Agência de Atendimento de Monte do Carmo;1;atualizar endereço;0;;CENTRO;MONTE DO CARMO;TO;77585000;63 - 1234-5678;atualizar_email@sefaz.to.gov.br;14/10/2025 09:26;14/11/2025 08:15;-1076355265;-481101161
04e86ec7-8fdd-4e80-ade9-1d4eb45447a3;013.AGEATMOT;Agência de Atendimento de Monte Santo do Tocantins;1;atualizar endereço;0;;CENTRO;MONTE SANTO;TO;77673000;63 - 1234-5678;atualizar_email@sefaz.to.gov.br;14/10/2025 09:26;14/11/2025 08:15;-1000618113;-4899087738
04e86ec7-8fdd-4e80-ade9-1d4eb45447a3;013.AGEATMUR;Agência de Atendimento de Muricilãndia;1;atualizar endereço;0;;CENTRO;MURICILANDIA;TO;77850000;63 - 1234-5678;atualizar_email@sefaz.to.gov.br;14/10/2025 09:26;14/11/2025 08:15;-714477226;-4860741611
04e86ec7-8fdd-4e80-ade9-1d4eb45447a3;013.AGEATNAT;Agência de Atendimento de Natividade;1;atualizar endereço;0;;CENTRO;NATIVIDADE;TO;77370000;63 - 1234-5678;atualizar_email@sefaz.to.gov.br;14/10/2025 09:26;14/11/2025 08:15;-1170880027;-4772700335
04e86ec7-8fdd-4e80-ade9-1d4eb45447a3;013.AGEATNAZ;Agência de Atendimento de Nazaré;1;atualizar endereço;0;;CENTRO;NAZARE;TO;77895000;63 - 1234-5678;atualizar_email@sefaz.to.gov.br;14/10/2025 09:26;14/11/2025 08:15;-63723108;-4766051718
04e86ec7-8fdd-4e80-ade9-1d4eb45447a3;013.AGEATNOO;Agência de Atendimento de Nova Olinda;1;atualizar endereço;0;;CENTRO;NOVA OLINDA;TO;77790000;63 - 1234-5678;atualizar_email@sefaz.to.gov.br;14/10/2025 09:26;14/11/2025 08:15;-763679475;-4842090492
04e86ec7-8fdd-4e80-ade9-1d4eb45447a3;013.AGEATNRO;Agência de Atendimento de Nova Rosalândia;1;atualizar endereço;0;;CENTRO;NOVA ROSALANDIA;TO;77495000;63 - 1234-5678;atualizar_email@sefaz.to.gov.br;14/10/2025 09:26;14/11/2025 08:15;-1056716495;-4891099774
04e86ec7-8fdd-4e80-ade9-1d4eb45447a3;013.AGEATNAC;Agência de Atendimento de Novo Acordo;1;atualizar endereço;0;;CENTRO;NOVO ACORDO;TO;77001566;63 - 1234-5678;atualizar_email@sefaz.to.gov.br;14/10/2025 09:26;14/11/2025 08:15;-996619499;-4768042831
04e86ec7-8fdd-4e80-ade9-1d4eb45447a3;013.AGEATNAL;Agência de Atendimento de Novo Alegre;1;atualizar endereço;0;;CENTRO;NOVO ALEGRE;TO;77353000;63 - 1234-5678;atualizar_email@sefaz.to.gov.br;14/10/2025 09:26;14/11/2025 08:15;-1291525868;-4657648926
04e86ec7-8fdd-4e80-ade9-1d4eb45447a3;013.AGEATNJA;Agência de Atendimento de Novo Jardim;1;atualizar endereço;0;;CENTRO;DIANOPOLIS;TO;77300000;63 - 1234-5678;atualizar_email@sefaz.to.gov.br;14/10/2025 09:26;14/11/2025 08:15;-1161999625;-4682309188
04e86ec7-8fdd-4e80-ade9-1d4eb45447a3;013.AGEATPAL;Agência de Atendimento de Palmas;1;atualizar endereço;0;;CENTRO;PALMAS;TO;77001908;63 - 1234-5678;atualizar_email@sefaz.to.gov.br;14/10/2025 09:26;14/11/2025 08:15;-1018257356;-483362181
04e86ec7-8fdd-4e80-ade9-1d4eb45447a3;013.AGEATPAT;Agência de Atendimento de Palmeiras do Tocantins;1;atualizar endereço;0;;CENTRO;AGUIARNOPOLIS;TO;77908000;63 - 1234-5678;atualizar_email@sefaz.to.gov.br;14/10/2025 09:26;14/11/2025 08:15;-655890546;-4747688129
04e86ec7-8fdd-4e80-ade9-1d4eb45447a3;013.AGEATPME;Agência de Atendimento de Palmeirópolis;1;atualizar endereço;0;;CENTRO;PALMEIROPOLIS;TO;77365000;63 - 1234-5678;atualizar_email@sefaz.to.gov.br;14/10/2025 09:26;14/11/2025 08:15;-130423009;-4841021533
04e86ec7-8fdd-4e80-ade9-1d4eb45447a3;013.AGEATPTO;Agência de Atendimento de Paraiso do Tocantins;1;atualizar endereço;0;;CENTRO;PARAISO DO TOCANTINS;TO;77600000;63 - 1234-5678;atualizar_email@sefaz.to.gov.br;14/10/2025 09:26;14/11/2025 08:15;-1017021889;-4888231481
04e86ec7-8fdd-4e80-ade9-1d4eb45447a3;013.AGEATPAR;Agência de Atendimento de Paranã;1;atualizar endereço;0;;CENTRO;PARANA;TO;77360000;63 - 1234-5678;atualizar_email@sefaz.to.gov.br;14/10/2025 09:26;14/11/2025 08:15;-1261686606;-478750876
04e86ec7-8fdd-4e80-ade9-1d4eb45447a3;013.AGEATPDR;Agência de Atendimento de Pau D´arco;1;atualizar endereço;0;;CENTRO;PAU DARCO;TO;77785000;63 - 1234-5678;atualizar_email@sefaz.to.gov.br;14/10/2025 09:26;14/11/2025 08:15;-75422365;-4936723715
04e86ec7-8fdd-4e80-ade9-1d4eb45447a3;013.AGEATPEF;Agência de Atendimento de Pedro Afonso;1;atualizar endereço;0;;CENTRO;GUARAI;TO;77700000;63 - 1234-5678;atualizar_email@sefaz.to.gov.br;14/10/2025 09:26;14/11/2025 08:15;-883809054;-4851318267
04e86ec7-8fdd-4e80-ade9-1d4eb45447a3;013.AGEATPEI;Agência de Atendimento de Peixe;1;atualizar endereço;0;;CENTRO;PEIXE;TO;77460000;63 - 1234-5678;atualizar_email@sefaz.to.gov.br;14/10/2025 09:26;14/11/2025 08:15;-120378256;-4854199551
04e86ec7-8fdd-4e80-ade9-1d4eb45447a3;013.AGEATPEQ;Agência de Atendimento de Pequizeiro;1;atualizar endereço;0;;CENTRO;PEQUIZEIRO;TO;77730000;63 - 1234-5678;atualizar_email@sefaz.to.gov.br;14/10/2025 09:26;14/11/2025 08:15;-859390611;-4893540697
04e86ec7-8fdd-4e80-ade9-1d4eb45447a3;013.AGEATPIN;Agência de Atendimento de Pindorama do Tocantins;1;atualizar endereço;0;;CENTRO;PINDORAMA DO TOCANTINS;TO;77380000;63 - 1234-5678;atualizar_email@sefaz.to.gov.br;14/10/2025 09:26;14/11/2025 08:15;-1113647682;-4757978727
04e86ec7-8fdd-4e80-ade9-1d4eb45447a3;013.AGEATPJB;Agência de Atendimento de Ponte Alta do Bom Jesus;1;atualizar endereço;0;;CENTRO;PONTE ALTA DO BOM JESUS;TO;77315000;63 - 1234-5678;atualizar_email@sefaz.to.gov.br;14/10/2025 09:26;14/11/2025 08:15;-1208861513;-4647779588
04e86ec7-8fdd-4e80-ade9-1d4eb45447a3;013.AGEATPOT;Agência de Atendimento de Ponte Alta do Tocantins;1;atualizar endereço;0;;CENTRO;PONTE ALTA DO TOCANTINS;TO;77590000;63 - 1234-5678;atualizar_email@sefaz.to.gov.br;14/10/2025 09:26;14/11/2025 08:15;-1074379304;-4753909132
04e86ec7-8fdd-4e80-ade9-1d4eb45447a3;013.AGEATPNA;Agência de Atendimento de Porto Nacional;1;atualizar endereço;0;;CENTRO;PORTO NACIONAL;TO;77500-000;63 - 1234-5678;atualizar_email@sefaz.to.gov.br;14/10/2025 09:26;14/11/2025 08:15;-107098676;-4840929633
04e86ec7-8fdd-4e80-ade9-1d4eb45447a3;013.AGEATPRK;Agência de Atendimento de Presidente Kennedy;1;atualizar endereço;0;;CENTRO;PRESIDENTE KENNEDY;TO;77745000;63 - 1234-5678;atualizar_email@sefaz.to.gov.br;14/10/2025 09:26;14/11/2025 08:15;-853044082;-485059783
04e86ec7-8fdd-4e80-ade9-1d4eb45447a3;013.AGEATPUG;Agência de Atendimento de Pugmil;1;R. Pernambuco;sem número;;CENTRO;Pugmil;TO;77603-000;63 - 1234-5678;atualizar_email@sefaz.to.gov.br;14/10/2025 09:26;14/11/2025 08:15;-1042514622;-4889539361
04e86ec7-8fdd-4e80-ade9-1d4eb45447a3;013.AGEATRIC;Agência de Atendimento de Riachinho;1;atualizar endereço;0;;CENTRO;RIACHINHO;TO;77893000;63 - 1234-5678;atualizar_email@sefaz.to.gov.br;14/10/2025 09:26;14/11/2025 08:15;-644324412;-481379494
04e86ec7-8fdd-4e80-ade9-1d4eb45447a3;013.AGEATRBO;Agência de Atendimento de Rio dos Bois;1;atualizar endereço;0;;CENTRO;RIO DOS BOIS;TO;77655000;63 - 1234-5678;atualizar_email@sefaz.to.gov.br;14/10/2025 09:26;14/11/2025 08:15;-934391232;-4853537118
04e86ec7-8fdd-4e80-ade9-1d4eb45447a3;013.AGEATRSO;Agência de Atendimento de Rio Sono;1;atualizar endereço;0;;CENTRO;RIO SONO;TO;77635000;63 - 1234-5678;atualizar_email@sefaz.to.gov.br;14/10/2025 09:26;14/11/2025 08:15;-934648625;-4789577062
04e86ec7-8fdd-4e80-ade9-1d4eb45447a3;013.AGEATSAN;Agência de Atendimento de Sandolândia;1;atualizar endereço;0;;CENTRO;SANDOLANDIA;TO;77478000;63 - 1234-5678;atualizar_email@sefaz.to.gov.br;14/10/2025 09:26;14/11/2025 08:15;-1254003509;-4992708504
04e86ec7-8fdd-4e80-ade9-1d4eb45447a3;013.AGEATSFE;Agência de Atendimento de Santa Fé do Araguaia;1;atualizar endereço;0;;CENTRO;SANTA FE;TO;77848000;63 - 1234-5678;atualizar_email@sefaz.to.gov.br;14/10/2025 09:26;14/11/2025 08:15;-715015862;-4869158381
04e86ec7-8fdd-4e80-ade9-1d4eb45447a3;013.AGEATSMA;Agência de Atendimento de Santa Maria do Tocantins;1;atualizar endereço;0;;CENTRO;SANTA MARIA DO TOCANTINS;TO;77716000;63 - 1234-5678;atualizar_email@sefaz.to.gov.br;14/10/2025 09:26;14/11/2025 08:15;-877554418;-4774675928
04e86ec7-8fdd-4e80-ade9-1d4eb45447a3;013.AGEATSRI;Agência de Atendimento de Santa Rita do Tocantins;1;atualizar endereço;0;;CENTRO;SANTA RITA DO TOCANTINS;TO;77565000;63 - 1234-5678;atualizar_email@sefaz.to.gov.br;14/10/2025 09:26;14/11/2025 08:15;-1086434874;-4890788632
04e86ec7-8fdd-4e80-ade9-1d4eb45447a3;013.AGEATSRO;Agência de Atendimento de Santa Rosa do Tocantins;1;atualizar endereço;0;;CENTRO;SANTA ROSA DO TOCANTINS;TO;77375000;63 - 1234-5678;atualizar_email@sefaz.to.gov.br;14/10/2025 09:26;14/11/2025 08:15;-1144783843;-4811676945
04e86ec7-8fdd-4e80-ade9-1d4eb45447a3;013.AGEATSBT;Agência de Atendimento de São Bento do Tocantins;1;atualizar endereço;0;;CENTRO;SAO BENTO DO TOCANTINS;TO;77958000;63 - 1234-5678;atualizar_email@sefaz.to.gov.br;14/10/2025 09:26;14/11/2025 08:15;-602875052;-4792419609
04e86ec7-8fdd-4e80-ade9-1d4eb45447a3;013.AGEATSMT;Agência de Atendimento de São Miguel do Tocantins;1;atualizar endereço;0;;CENTRO;SAO MIGUEL;TO;77925-000;63 - 1234-5678;atualizar_email@sefaz.to.gov.br;14/10/2025 09:26;14/11/2025 08:15;-555187425;-4757782232
04e86ec7-8fdd-4e80-ade9-1d4eb45447a3;013.AGEATSIL;Agência de Atendimento de Silvanópolis;1;atualizar endereço;0;;CENTRO;SILVANOPOLIS;TO;77580000;63 - 1234-5678;atualizar_email@sefaz.to.gov.br;14/10/2025 09:26;14/11/2025 08:15;-1114963657;-4817373238
04e86ec7-8fdd-4e80-ade9-1d4eb45447a3;013.AGEATSNT;Agência de Atendimento de Sitio Novo do Tocantins;1;atualizar endereço;0;;CENTRO;SITIO NOVO;TO;77940000;63 - 1234-5678;atualizar_email@sefaz.to.gov.br;14/10/2025 09:26;14/11/2025 08:15;-56012818;-4763498621
04e86ec7-8fdd-4e80-ade9-1d4eb45447a3;013.AGEATTAB;Agência de Atendimento de Tabocão;1;atualizar endereço;0;;CENTRO;FORTALEZA DO TABOCAO;TO;77708000;63 - 1234-5678;atualizar_email@sefaz.to.gov.br;14/10/2025 09:26;14/11/2025 08:15;-905745883;-4852028542
04e86ec7-8fdd-4e80-ade9-1d4eb45447a3;013.AGEATTAG;Agência de Atendimento de Taguatinga;1;atualizar endereço;0;;CENTRO;TAGUATINGA;TO;77320000;63 - 1234-5678;atualizar_email@sefaz.to.gov.br;14/10/2025 09:26;14/11/2025 08:15;-1240913505;-4643140623
04e86ec7-8fdd-4e80-ade9-1d4eb45447a3;013.AGEATTAL;Agência de Atendimento de Talismã;1;atualizar endereço;0;;CENTRO;TALISMA;TO;77483000;63 - 1234-5678;atualizar_email@sefaz.to.gov.br;14/10/2025 09:26;14/11/2025 08:15;-1279811766;-4909249063
04e86ec7-8fdd-4e80-ade9-1d4eb45447a3;013.AGEATTAQ;Agência de Atendimento de Taquaralto;1;atualizar endereço;0;;CENTRO;PALMAS;TO;77001908;63 - 1234-5678;atualizar_email@sefaz.to.gov.br;14/10/2025 09:26;14/11/2025 08:15;-1018257356;-483362181
04e86ec7-8fdd-4e80-ade9-1d4eb45447a3;013.AGEATTCN;Agência de Atendimento de Tocantínia;1;atualizar endereço;0;;CENTRO;TOCANTINIA;TO;77640000;63 - 1234-5678;atualizar_email@sefaz.to.gov.br;14/10/2025 09:26;14/11/2025 08:15;-956445153;-4837481096
04e86ec7-8fdd-4e80-ade9-1d4eb45447a3;013.AGEATTOC;Agência de Atendimento de Tocantinópolis;1;atualizar endereço;0;;CENTRO;TOCANTINOPOLIS;TO;77900000;63 - 1234-5678;atualizar_email@sefaz.to.gov.br;14/10/2025 09:26;14/11/2025 08:15;-632894794;-4742165918
04e86ec7-8fdd-4e80-ade9-1d4eb45447a3;013.AGEATTUP;Agência de Atendimento de Tupirama;1;atualizar endereço;0;;CENTRO;TUPIRAMA;TO;77704000;63 - 1234-5678;atualizar_email@sefaz.to.gov.br;14/10/2025 09:26;14/11/2025 08:15;-897564303;-4819079467
04e86ec7-8fdd-4e80-ade9-1d4eb45447a3;013.AGEATWND;Agência de Atendimento de Wanderlândia;1;atualizar endereço;0;;CENTRO;WANDERLANDIA;TO;77860000;63 - 1234-5678;atualizar_email@sefaz.to.gov.br;14/10/2025 09:26;14/11/2025 08:15;-684948572;-479647085
04e86ec7-8fdd-4e80-ade9-1d4eb45447a3;013.AGEATXMB;Agência de Atendimento de Xambioá;1;atualizar endereço;0;;CENTRO;XAMBIOA;TO;77880000;63 - 1234-5678;atualizar_email@sefaz.to.gov.br;14/10/2025 09:26;14/11/2025 08:15;-641120672;-4853398846
04e86ec7-8fdd-4e80-ade9-1d4eb45447a3;013.AGEATMRT;Agência de Atendimento Marianópolis do Tocantins;1;atualizar endereço;0;;CENTRO;MARIANOPOLIS DO TOCANTINS;TO;77675000;63 - 1234-5678;atualizar_email@sefaz.to.gov.br;14/10/2025 09:26;14/11/2025 08:15;-979543649;-4965511813
04e86ec7-8fdd-4e80-ade9-1d4eb45447a3;013.AGEATSTT;Agência de Atendimento Santa Tereza do Tocantins;1;atualizar endereço;0;;CENTRO;SANTA TEREZA DO TOCANTINS;TO;77615000;63 - 1234-5678;atualizar_email@sefaz.to.gov.br;14/10/2025 09:26;14/11/2025 08:15;-1027890999;-4781177066
04e86ec7-8fdd-4e80-ade9-1d4eb45447a3;013.AGEATSAV;Agência de Atendimento São Valério da Natividade;1;atualizar endereço;0;;CENTRO;SAO VALERIO;TO;77390000;63 - 1234-5678;atualizar_email@sefaz.to.gov.br;14/10/2025 09:26;14/11/2025 08:15;-1197007434;-4823490028
04e86ec7-8fdd-4e80-ade9-1d4eb45447a3;013.AGECON;Agente de Contratação;1;atualizar endereço;0;;CENTRO;PALMAS;TO;77001908;63 - 1234-5678;atualizar_email@sefaz.to.gov.br;14/10/2025 09:26;14/11/2025 08:15;-1018257356;-483362181
04e86ec7-8fdd-4e80-ade9-1d4eb45447a3;013.ASAP;Assessoria de Análises e Pesquisas;1;atualizar endereço;0;;CENTRO;PALMAS;TO;77001908;63 - 1234-5678;atualizar_email@sefaz.to.gov.br;14/10/2025 09:26;14/11/2025 08:15;-1018257356;-483362181
04e86ec7-8fdd-4e80-ade9-1d4eb45447a3;013.ASGAB;Assessoria de Gabinete II - Gab do Secretário;1;atualizar endereço;0;;CENTRO;PALMAS;TO;77001908;63 - 1234-5678;atualizar_email@sefaz.to.gov.br;14/10/2025 09:26;14/11/2025 08:15;-1018257356;-483362181
04e86ec7-8fdd-4e80-ade9-1d4eb45447a3;013.ASGAB III;Assessoria de Gabinete III - Gab do Sec Ex Tesouro;1;atualizar endereço;0;;CENTRO;PALMAS;TO;77001908;63 - 1234-5678;atualizar_email@sefaz.to.gov.br;14/10/2025 09:26;14/11/2025 08:15;-1018257356;-483362181
04e86ec7-8fdd-4e80-ade9-1d4eb45447a3;013.ASGABIII1;Assessoria de Gabinete III -Gabinete do Secretário;1;atualizar endereço;0;;CENTRO;PALMAS;TO;77001908;63 - 1234-5678;atualizar_email@sefaz.to.gov.br;14/10/2025 09:26;14/11/2025 08:15;-1018257356;-4833621811
04e86ec7-8fdd-4e80-ade9-1d4eb45447a3;013.ASGABIII3;Assessoria de Gabinete III-Gab Sec Ex Gest Tribut;1;atualizar endereço;0;;CENTRO;PALMAS;TO;77001908;63 - 1234-5678;atualizar_email@sefaz.to.gov.br;14/10/2025 09:26;14/11/2025 08:15;-1018257356;-4833621812
04e86ec7-8fdd-4e80-ade9-1d4eb45447a3;013.ASGEST;Assessoria de Gestão Estratégica (PROFISCO);1;atualizar endereço;0;;CENTRO;PALMAS;TO;77001908;63 - 1234-5678;atualizar_email@sefaz.to.gov.br;14/10/2025 09:26;14/11/2025 08:15;-1018257356;-483362181
04e86ec7-8fdd-4e80-ade9-1d4eb45447a3;013.ASIP;Assessoria de Integração e Pesquisa;1;atualizar endereço;0;;CENTRO;PALMAS;TO;77001908;63 - 1234-5678;atualizar_email@sefaz.to.gov.br;14/10/2025 09:26;14/11/2025 08:15;-1018257356;-483362181
04e86ec7-8fdd-4e80-ade9-1d4eb45447a3;013.ASLAF;Assessoria de Laboratório Forense;1;atualizar endereço;0;;CENTRO;PALMAS;TO;77001908;63 - 1234-5678;atualizar_email@sefaz.to.gov.br;14/10/2025 09:26;14/11/2025 08:15;-1018257356;-483362181
04e86ec7-8fdd-4e80-ade9-1d4eb45447a3;013.ASPLA;Assessoria de Planejamento;1;atualizar endereço;0;;CENTRO;PALMAS;TO;77001908;63 - 1234-5678;atualizar_email@sefaz.to.gov.br;14/10/2025 09:26;14/11/2025 08:15;-1018257356;-483362181
04e86ec7-8fdd-4e80-ade9-1d4eb45447a3;013.ASPOT;Assessoria de Política Tributária;1;atualizar endereço;0;;CENTRO;PALMAS;TO;77001908;63 - 1234-5678;atualizar_email@sefaz.to.gov.br;14/10/2025 09:26;14/11/2025 08:15;-1018257356;-483362181
04e86ec7-8fdd-4e80-ade9-1d4eb45447a3;013.ASMED;Assessoria de Social Media e Design;1;atualizar endereço;0;;CENTRO;PALMAS;TO;77001908;63 - 1234-5678;atualizar_email@sefaz.to.gov.br;14/10/2025 09:26;14/11/2025 08:15;-1018257356;-483362181
04e86ec7-8fdd-4e80-ade9-1d4eb45447a3;013.ASCOM;Assessoria Econômica;1;atualizar endereço;0;;CENTRO;PALMAS;TO;77001908;63 - 1234-5678;atualizar_email@sefaz.to.gov.br;14/10/2025 09:26;14/11/2025 08:15;-1018257356;-483362181
04e86ec7-8fdd-4e80-ade9-1d4eb45447a3;013.ASJUR;Assessoria Jurídica;1;atualizar endereço;0;;CENTRO;PALMAS;TO;77001908;63 - 1234-5678;atualizar_email@sefaz.to.gov.br;14/10/2025 09:26;14/11/2025 08:15;-1018257356;-483362181
04e86ec7-8fdd-4e80-ade9-1d4eb45447a3;013.CEFIS;Central de Execuções Fiscais;1;atualizar endereço;0;;CENTRO;PALMAS;TO;77001908;63 - 1234-5678;atualizar_email@sefaz.to.gov.br;14/10/2025 09:26;14/11/2025 08:15;-1018257356;-483362181
04e86ec7-8fdd-4e80-ade9-1d4eb45447a3;013.CEFIS2;Central de Execuções Fiscais - Gurupi;1;atualizar endereço;0;;CENTRO;GURUPI;TO;77440490;63 - 1234-5678;atualizar_email@sefaz.to.gov.br;14/10/2025 09:26;14/11/2025 08:15;-117199638;-4907489369
04e86ec7-8fdd-4e80-ade9-1d4eb45447a3;013.CHASCOM;Chefia da Assessoria de Comunicação;1;atualizar endereço;0;;CENTRO;PALMAS;TO;77001908;63 - 1234-5678;atualizar_email@sefaz.to.gov.br;14/10/2025 09:26;14/11/2025 08:15;-1018257356;-483362181
04e86ec7-8fdd-4e80-ade9-1d4eb45447a3;013.CATF;Chefia da Assessoria Técnica Fazendária;1;atualizar endereço;0;;CENTRO;PALMAS;TO;77001908;63 - 1234-5678;atualizar_email@sefaz.to.gov.br;14/10/2025 09:26;14/11/2025 08:15;-1018257356;-483362181
04e86ec7-8fdd-4e80-ade9-1d4eb45447a3;013.CHECOM;Chefia de Assessoria de Comunicação;1;atualizar endereço;0;;CENTRO;PALMAS;TO;77001908;63 - 1234-5678;atualizar_email@sefaz.to.gov.br;14/10/2025 09:26;14/11/2025 08:15;-1018257356;-483362181
04e86ec7-8fdd-4e80-ade9-1d4eb45447a3;013.CAGEF;Chefia de Assessoria de Gestão dos Fundos;1;atualizar endereço;0;;CENTRO;PALMAS;TO;77001908;63 - 1234-5678;atualizar_email@sefaz.to.gov.br;14/10/2025 09:26;14/11/2025 08:15;-1018257356;-483362181
04e86ec7-8fdd-4e80-ade9-1d4eb45447a3;013.CRADALV;Coordenadoria Regional de Administração - Alvorada;1;atualizar endereço;0;;CENTRO;ALVORADA;TO;77480000;63 - 1234-5678;atualizar_email@sefaz.to.gov.br;14/10/2025 09:26;14/11/2025 08:15;-1249298486;-4913165217
04e86ec7-8fdd-4e80-ade9-1d4eb45447a3;013.CRADARA;Coordenadoria Regional de Administração - Araguaína;1;atualizar endereço;0;;CENTRO;ARAGUAINA;TO;77804180;63 - 1234-5678;atualizar_email@sefaz.to.gov.br;14/10/2025 09:26;14/11/2025 08:15;-718790788;-4821020785
04e86ec7-8fdd-4e80-ade9-1d4eb45447a3;013.CRADAGI;Coordenadoria Regional de Administração - Araguatins;1;atualizar endereço;0;;CENTRO;ARAGUATINS;TO;77950000;63 - 1234-5678;atualizar_email@sefaz.to.gov.br;14/10/2025 09:26;14/11/2025 08:15;-564611309;-4811789532
04e86ec7-8fdd-4e80-ade9-1d4eb45447a3;013.CRADCOL;Coordenadoria Regional de Administração - Colinas;1;atualizar endereço;0;;CENTRO;COLINAS DO TOCANTINS;TO;77760000;63 - 1234-5678;atualizar_email@sefaz.to.gov.br;14/10/2025 09:26;14/11/2025 08:15;-805561687;-4847679668
04e86ec7-8fdd-4e80-ade9-1d4eb45447a3;013.CRF;Coordenadoria Regional de Administração - Gurupi;1;atualizar endereço;0;;CENTRO;GURUPI;TO;77405160;63 - 1234-5678;atualizar_email@sefaz.to.gov.br;14/10/2025 09:26;14/11/2025 08:15;-117199638;-4907489369
04e86ec7-8fdd-4e80-ade9-1d4eb45447a3;013.CRAMIRAC;Coordenadoria Regional de Administração - Miracema;1;atualizar endereço;0;;CENTRO;MIRACEMA DO TOCANTINS;TO;77650000;63 - 1234-5678;atualizar_email@sefaz.to.gov.br;14/10/2025 09:26;14/11/2025 08:15;-955909616;-4840757681
04e86ec7-8fdd-4e80-ade9-1d4eb45447a3;013.CRADPAL;Coordenadoria Regional de Administração - Palmas;1;atualizar endereço;0;;CENTRO;PALMAS;TO;77001908;63 - 1234-5678;atualizar_email@sefaz.to.gov.br;14/10/2025 09:26;14/11/2025 08:15;-1018257356;-483362181
04e86ec7-8fdd-4e80-ade9-1d4eb45447a3;013.CRADPTO;Coordenadoria Regional de Administração - Paraiso;1;atualizar endereço;0;;CENTRO;PARAISO DO TOCANTINS;TO;77600000;63 - 1234-5678;atualizar_email@sefaz.to.gov.br;14/10/2025 09:26;14/11/2025 08:15;-1017021889;-4888231481
04e86ec7-8fdd-4e80-ade9-1d4eb45447a3;013.CRAPEDRA;Coordenadoria Regional de Administração - Pedro Afonso;1;atualizar endereço;0;;CENTRO;PEDRO AFONSO;TO;77712000;63 - 1234-5678;atualizar_email@sefaz.to.gov.br;14/10/2025 09:26;14/11/2025 08:15;-897251189;-4817708802
04e86ec7-8fdd-4e80-ade9-1d4eb45447a3;013.CRADPNA;Coordenadoria Regional de Administração - Porto Nacional;1;atualizar endereço;0;;CENTRO;PORTO NACIONAL;TO;77500-000;63 - 1234-5678;atualizar_email@sefaz.to.gov.br;14/10/2025 09:26;14/11/2025 08:15;-107098676;-4840929633
04e86ec7-8fdd-4e80-ade9-1d4eb45447a3;013.CRADTAG;Coordenadoria Regional de Administração - Taguatinga;1;atualizar endereço;0;;CENTRO;TAGUATINGA;TO;77320000;63 - 1234-5678;atualizar_email@sefaz.to.gov.br;14/10/2025 09:26;14/11/2025 08:15;-1240913505;-4643140623
04e86ec7-8fdd-4e80-ade9-1d4eb45447a3;013.CRADTOC;Coordenadoria Regional de Administração - Tocantinópolis;1;atualizar endereço;0;;CENTRO;TOCANTINOPOLIS;TO;77900000;63 - 1234-5678;atualizar_email@sefaz.to.gov.br;14/10/2025 09:26;14/11/2025 08:15;-632894794;-4742165918
04e86ec7-8fdd-4e80-ade9-1d4eb45447a3;013.CRAALV;Coordenadoria Regional de Arrecadação - Alvorada;1;atualizar endereço;0;;CENTRO;ALVORADA;TO;77480000;63 - 1234-5678;atualizar_email@sefaz.to.gov.br;14/10/2025 09:26;14/11/2025 08:15;-1249298486;-4913165217
04e86ec7-8fdd-4e80-ade9-1d4eb45447a3;013.CRAARA;Coordenadoria Regional de Arrecadação - Araguaína;1;atualizar endereço;0;;CENTRO;ARAGUAINA;TO;77804180;63 - 1234-5678;atualizar_email@sefaz.to.gov.br;14/10/2025 09:26;14/11/2025 08:15;-718790788;-4821020785
04e86ec7-8fdd-4e80-ade9-1d4eb45447a3;013.CRAAGUAT;Coordenadoria Regional de Arrecadação - Araguatins;1;atualizar endereço;0;;CENTRO;ARAGUATINS;TO;77950000;63 - 1234-5678;atualizar_email@sefaz.to.gov.br;14/10/2025 09:26;14/11/2025 08:15;-564611309;-4811789532
04e86ec7-8fdd-4e80-ade9-1d4eb45447a3;013.CRACOL;Coordenadoria Regional de Arrecadação - Colinas;1;atualizar endereço;0;;CENTRO;COLINAS DO TOCANTINS;TO;77760000;63 - 1234-5678;atualizar_email@sefaz.to.gov.br;14/10/2025 09:26;14/11/2025 08:15;-805561687;-4847679668
04e86ec7-8fdd-4e80-ade9-1d4eb45447a3;013.CRAGUR;Coordenadoria Regional de Arrecadação - Gurupi;1;atualizar endereço;0;;CENTRO;GURUPI;TO;77400000;63 - 1234-5678;atualizar_email@sefaz.to.gov.br;14/10/2025 09:26;14/11/2025 08:15;-117199638;-4907489369
04e86ec7-8fdd-4e80-ade9-1d4eb45447a3;013.CRAMIT;Coordenadoria Regional de Arrecadação - Miracema;1;atualizar endereço;0;;CENTRO;MIRACEMA DO TOCANTINS;TO;77650000;63 - 1234-5678;atualizar_email@sefaz.to.gov.br;14/10/2025 09:26;14/11/2025 08:15;-955909616;-4840757681
04e86ec7-8fdd-4e80-ade9-1d4eb45447a3;013.CRAPAL;Coordenadoria Regional de Arrecadação - Palmas;1;atualizar endereço;0;;CENTRO;PALMAS;TO;77001908;63 - 1234-5678;atualizar_email@sefaz.to.gov.br;14/10/2025 09:26;14/11/2025 08:15;-1018257356;-483362181
04e86ec7-8fdd-4e80-ade9-1d4eb45447a3;013.CRAPTO;Coordenadoria Regional de Arrecadação - Paraiso;1;atualizar endereço;0;;CENTRO;PARAISO DO TOCANTINS;TO;77600000;63 - 1234-5678;atualizar_email@sefaz.to.gov.br;14/10/2025 09:26;14/11/2025 08:15;-1017021889;-4888231481
04e86ec7-8fdd-4e80-ade9-1d4eb45447a3;013.CRAPEAF;Coordenadoria Regional de Arrecadação - Pedro Afonso;1;atualizar endereço;0;;CENTRO;PEDRO AFONSO;TO;77712000;63 - 1234-5678;atualizar_email@sefaz.to.gov.br;14/10/2025 09:26;14/11/2025 08:15;-897251189;-4817708802
04e86ec7-8fdd-4e80-ade9-1d4eb45447a3;013.CRAPON;Coordenadoria Regional de Arrecadação - Porto Nacional;1;atualizar endereço;0;;CENTRO;PORTO NACIONAL;TO;77500-000;63 - 1234-5678;atualizar_email@sefaz.to.gov.br;14/10/2025 09:26;14/11/2025 08:15;-107098676;-4840929633
04e86ec7-8fdd-4e80-ade9-1d4eb45447a3;013.CRATAG;Coordenadoria Regional de Arrecadação - Taguatinga;1;atualizar endereço;0;;CENTRO;TAGUATINGA;TO;77320000;63 - 1234-5678;atualizar_email@sefaz.to.gov.br;14/10/2025 09:26;14/11/2025 08:15;-1240913505;-4643140623
04e86ec7-8fdd-4e80-ade9-1d4eb45447a3;013.CRATOC;Coordenadoria Regional de Arrecadação - Tocantinópolis;1;atualizar endereço;0;;CENTRO;TOCANTINOPOLIS;TO;77900000;63 - 1234-5678;atualizar_email@sefaz.to.gov.br;14/10/2025 09:26;14/11/2025 08:15;-632894794;-4742165918
04e86ec7-8fdd-4e80-ade9-1d4eb45447a3;013.CRFALV;Coordenadoria Regional de Fiscalização - Alvorada;1;atualizar endereço;0;;CENTRO;ALVORADA;TO;77480000;63 - 1234-5678;atualizar_email@sefaz.to.gov.br;14/10/2025 09:26;14/11/2025 08:15;-1249298486;-4913165217
04e86ec7-8fdd-4e80-ade9-1d4eb45447a3;013.CRFARA;Coordenadoria Regional de Fiscalização - Araguaína;1;atualizar endereço;0;;CENTRO;ARAGUAINA;TO;77804180;63 - 1234-5678;atualizar_email@sefaz.to.gov.br;14/10/2025 09:26;14/11/2025 08:15;-718790788;-4821020785
04e86ec7-8fdd-4e80-ade9-1d4eb45447a3;013.CRFAGI;Coordenadoria Regional de Fiscalização - Araguatins;1;atualizar endereço;0;;CENTRO;ARAGUATINS;TO;77950000;63 - 1234-5678;atualizar_email@sefaz.to.gov.br;14/10/2025 09:26;14/11/2025 08:15;-564611309;-4811789532
04e86ec7-8fdd-4e80-ade9-1d4eb45447a3;013.CRFCOL;Coordenadoria Regional de Fiscalização - Colinas;1;atualizar endereço;0;;CENTRO;COLINAS DO TOCANTINS;TO;77760000;63 - 1234-5678;atualizar_email@sefaz.to.gov.br;14/10/2025 09:26;14/11/2025 08:15;-805561687;-4847679668
04e86ec7-8fdd-4e80-ade9-1d4eb45447a3;013.CRFGUR;Coordenadoria Regional de Fiscalização - Gurupi;1;atualizar endereço;0;;CENTRO;GURUPI;TO;77410-010;63 - 1234-5678;atualizar_email@sefaz.to.gov.br;14/10/2025 09:26;14/11/2025 08:15;-117199638;-4907489369
04e86ec7-8fdd-4e80-ade9-1d4eb45447a3;013.CRFMIT;Coordenadoria Regional de Fiscalização - Miracema;1;atualizar endereço;0;;CENTRO;MIRACEMA DO TOCANTINS;TO;77650000;63 - 1234-5678;atualizar_email@sefaz.to.gov.br;14/10/2025 09:26;14/11/2025 08:15;-955909616;-4840757681
04e86ec7-8fdd-4e80-ade9-1d4eb45447a3;013.CRFPAL;Coordenadoria Regional de Fiscalização - Palmas;1;atualizar endereço;0;;CENTRO;PALMAS;TO;77001908;63 - 1234-5678;atualizar_email@sefaz.to.gov.br;14/10/2025 09:26;14/11/2025 08:15;-1018257356;-483362181
04e86ec7-8fdd-4e80-ade9-1d4eb45447a3;013.CRFPTO;Coordenadoria Regional de Fiscalização - Paraiso;1;atualizar endereço;0;;CENTRO;PEDRO AFONSO;TO;77712000;63 - 1234-5678;atualizar_email@sefaz.to.gov.br;14/10/2025 09:26;14/11/2025 08:15;-897251189;-4817708802
04e86ec7-8fdd-4e80-ade9-1d4eb45447a3;013.CRFPEF;Coordenadoria Regional de Fiscalização - Pedro Afonso;1;atualizar endereço;0;;CENTRO;PALMAS;TO;77001908;63 - 1234-5678;atualizar_email@sefaz.to.gov.br;14/10/2025 09:26;14/11/2025 08:15;-1018257356;-483362181
04e86ec7-8fdd-4e80-ade9-1d4eb45447a3;013.CRFPNA;Coordenadoria Regional de Fiscalização - Porto Nacional;1;atualizar endereço;0;;CENTRO;PORTO NACIONAL;TO;77500-000;63 - 1234-5678;atualizar_email@sefaz.to.gov.br;14/10/2025 09:26;14/11/2025 08:15;-107098676;-4840929633
04e86ec7-8fdd-4e80-ade9-1d4eb45447a3;013.CRFTAG;Coordenadoria Regional de Fiscalização - Taguatinga;1;atualizar endereço;0;;CENTRO;TAGUATINGA;TO;77320000;63 - 1234-5678;atualizar_email@sefaz.to.gov.br;14/10/2025 09:26;14/11/2025 08:15;-1240913505;-4643140623
04e86ec7-8fdd-4e80-ade9-1d4eb45447a3;013.CRFTOC;Coordenadoria Regional de Fiscalização - Tocantinópolis;1;atualizar endereço;0;;CENTRO;TOCANTINOPOLIS;TO;77900000;63 - 1234-5678;atualizar_email@sefaz.to.gov.br;14/10/2025 09:26;14/11/2025 08:15;-632894794;-4742165918
04e86ec7-8fdd-4e80-ade9-1d4eb45447a3;013.COFAZ;Corregedoria Fazendária;1;atualizar endereço;0;;CENTRO;PALMAS;TO;77001908;63 - 1234-5678;atualizar_email@sefaz.to.gov.br;14/10/2025 09:26;14/11/2025 08:15;-1018257356;-483362181
04e86ec7-8fdd-4e80-ade9-1d4eb45447a3;013.DRREAT;Delegacia Regional de Fiscalização - Alvorada;1;Rua 15 de novembro, s/n;S/N;;CENTRO;ALVORADA;TO;77480000;63 - 3027-3042;drfalvorada@sefaz.to.gov.br;14/10/2025 09:26;14/10/2025 09:26;-1249298486;-4913165217
04e86ec7-8fdd-4e80-ade9-1d4eb45447a3;013.DRFARA;Delegacia Regional de Fiscalização - Araguaína;1;Rua 7 de Setembro, s/n;S/N;;CENTRO;ARAGUAINA;TO;77795000;63 -3027-3420;drfaraguaina@sefaz.to.gov.br;14/10/2025 09:26;14/10/2025 09:26;-718790788;-4821020785
04e86ec7-8fdd-4e80-ade9-1d4eb45447a3;013.DRFAGI;Delegacia Regional de Fiscalização - Araguatins;1;Rua Floriano Peixoto;558;;CENTRO;ARAGUATINS;TO;77950000;63 - 3027-3231;drfaraguatins@sefaz.to.gov.br;14/10/2025 09:26;14/10/2025 09:26;-564611309;-4811789532
04e86ec7-8fdd-4e80-ade9-1d4eb45447a3;013.DRRECT;Delegacia Regional de Fiscalização - Colinas do Tocantins;1;Rua Raimundo Pereira dos Santos;1723;;CENTRO;COLINAS DO TOCANTINS;TO;77760000;63 - 3027-3483;drfcolinas@sefaz.to.gov.br;14/10/2025 09:26;14/10/2025 09:26;-805561687;-4847679668
04e86ec7-8fdd-4e80-ade9-1d4eb45447a3;013.DRREG;Delegacia Regional de Fiscalização - Gurupi;1;Av. Espírito Santo com Rua 6,;1194;;CENTRO;GURUPI;TO;77403100;63 - 3027-3200;drfgurupi@sefaz.to.gov.br;14/10/2025 09:26;14/10/2025 09:26;-117199638;-4907489369
04e86ec7-8fdd-4e80-ade9-1d4eb45447a3;013.DRFMIT;Delegacia Regional de Fiscalização - Miracema;1;Rua Hosana Cavalcante;155;;SANTA FILOMENA;MIRACEMA DO TOCANTINS;TO;77650000;63 - 3027-3302;drfmiracema@sefaz.to.gov.br;14/10/2025 09:26;14/10/2025 09:26;-955909616;-4840757681
04e86ec7-8fdd-4e80-ade9-1d4eb45447a3;013.DRFPAL;Delegacia Regional de Fiscalização - Palmas;1;QUADRA 103 SUL (ACSO 11) - RUA SO 07 - LOTE 03;S/N;;PLANO DIRETOR SUL;PALMAS;TO;77015030;63 - 3027-3083 ;drfpalmas@sefaz.to.gov.br;14/10/2025 09:26;14/10/2025 09:26;-1018257356;-483362181
04e86ec7-8fdd-4e80-ade9-1d4eb45447a3;013.DRFPTO;Delegacia Regional de Fiscalização - Paraiso;1;Rua Bernadino Maciel;172;;INTERLAGOS;PARAISO DO TOCANTINS;TO;77600000;63 - 3027-3137;drfparaiso@sefaz.to.gov.br;14/10/2025 09:26;14/10/2025 09:26;-1017021889;-4888231481
04e86ec7-8fdd-4e80-ade9-1d4eb45447a3;013.DRRET;Delegacia Regional de Fiscalização - Taguatinga;1;Av. Principal;S/N;;INDUSTRIAL;TAGUATINGA;TO;77320000;63 - 3027-3001;drftaguatinga@sefaz.to.gov.br;14/10/2025 09:26;14/10/2025 09:26;-1240913505;-4643140623
04e86ec7-8fdd-4e80-ade9-1d4eb45447a3;013.DRREPA;Delegacia Regional de Fiscalização - Pedro Afonso;1;Rua 26 de Julho;160;;CENTRO;PEDRO AFONSO;TO;77710000;63 - 3027-3328;drfpedroafonso@sefaz.to.gov.br;14/10/2025 09:26;14/10/2025 09:26;-897251189;-4817708802
04e86ec7-8fdd-4e80-ade9-1d4eb45447a3;013.DRFPNA;Delegacia Regional de Fiscalização - Porto Nacional;1;Av. Luiz Leite Ribeiro;1457;;AEROPORTO;PORTO NACIONAL;TO;77500-000;63 - 3363-1799;drfportonacional@sefaz.to.gov.br;14/10/2025 09:26;14/10/2025 09:26;-107098676;-4840929633
04e86ec7-8fdd-4e80-ade9-1d4eb45447a3;013.DRRET2;Delegacia Regional de Fiscalização - Tocantinopolis;1;Rua 15 de novembro;695;;CENTRO;TOCANTINOPOLIS;TO;77900000;63 - 3027-3268;drftocantinopolis@sefaz.to.gov.br;14/10/2025 09:26;14/10/2025 09:26;-718790788;-4821020785
04e86ec7-8fdd-4e80-ade9-1d4eb45447a3;013.DICREFIS;Diretoria da Cobrança e Recup de Créditos Fiscais;1;atualizar endereço;0;;CENTRO;PALMAS;TO;77001908;63 - 1234-5678;atualizar_email@sefaz.to.gov.br;14/10/2025 09:26;14/11/2025 08:15;-1018257356;-483362181
04e86ec7-8fdd-4e80-ade9-1d4eb45447a3;013.DIEFAZ;Diretoria da Escola Fazendária;1;atualizar endereço;0;;CENTRO;PALMAS;TO;77001908;63 - 1234-5678;atualizar_email@sefaz.to.gov.br;14/10/2025 09:26;14/11/2025 08:15;-1018257356;-483362181
04e86ec7-8fdd-4e80-ade9-1d4eb45447a3;013.DIREC;Diretoria da Receita;1;atualizar endereço;0;;CENTRO;PALMAS;TO;77001908;63 - 1234-5678;atualizar_email@sefaz.to.gov.br;14/10/2025 09:26;14/11/2025 08:15;-1018257356;-483362181
04e86ec7-8fdd-4e80-ade9-1d4eb45447a3;013.DIANP;Diretoria de Acomp, Normas e Procedimentos;1;atualizar endereço;0;;CENTRO;PALMAS;TO;77001908;63 - 1234-5678;atualizar_email@sefaz.to.gov.br;14/10/2025 09:26;14/11/2025 08:15;-1018257356;-483362181
04e86ec7-8fdd-4e80-ade9-1d4eb45447a3;013.DAJUC;Diretoria de Acompanhamento Judicial-Criminal;1;atualizar endereço;0;;CENTRO;PALMAS;TO;77001908;63 - 1234-5678;atualizar_email@sefaz.to.gov.br;14/10/2025 09:26;14/11/2025 08:15;-1018257356;-483362181
04e86ec7-8fdd-4e80-ade9-1d4eb45447a3;013.DAF;Diretoria de Administração e Finanças;1;atualizar endereço;0;;CENTRO;PALMAS;TO;77001908;63 - 1234-5678;atualizar_email@sefaz.to.gov.br;14/10/2025 09:26;14/11/2025 08:15;-1018257356;-483362181
04e86ec7-8fdd-4e80-ade9-1d4eb45447a3;013.DAMIJU;Diretoria de Aval e Mitig de Impa de Dema Judicial;1;atualizar endereço;0;;CENTRO;PALMAS;TO;77001908;63 - 1234-5678;atualizar_email@sefaz.to.gov.br;14/10/2025 09:26;14/11/2025 08:15;-1018257356;-483362181
04e86ec7-8fdd-4e80-ade9-1d4eb45447a3;013.DICOM;Diretoria de Compras;1;atualizar endereço;0;;CENTRO;PALMAS;TO;77001908;63 - 1234-5678;atualizar_email@sefaz.to.gov.br;14/10/2025 09:26;14/11/2025 08:15;-1018257356;-483362181
04e86ec7-8fdd-4e80-ade9-1d4eb45447a3;013.DICONTS;Diretoria de Contabilidade Setorial;1;atualizar endereço;0;;CENTRO;PALMAS;TO;77001908;63 - 1234-5678;atualizar_email@sefaz.to.gov.br;14/10/2025 09:26;14/11/2025 08:15;-1018257356;-483362181
04e86ec7-8fdd-4e80-ade9-1d4eb45447a3;013.DICUS;Diretoria de Custos;1;atualizar endereço;0;;CENTRO;PALMAS;TO;77001908;63 - 1234-5678;atualizar_email@sefaz.to.gov.br;14/10/2025 09:26;14/11/2025 08:15;-1018257356;-483362181
04e86ec7-8fdd-4e80-ade9-1d4eb45447a3;013.DIDEC;Diretoria de Demonstrações Contábeis;1;atualizar endereço;0;;CENTRO;PALMAS;TO;77001908;63 - 1234-5678;atualizar_email@sefaz.to.gov.br;14/10/2025 09:26;14/11/2025 08:15;-1018257356;-483362181
04e86ec7-8fdd-4e80-ade9-1d4eb45447a3;013.DIREXEFIN;Diretoria de Execução Financeira;1;atualizar endereço;0;;CENTRO;PALMAS;TO;77001908;63 - 1234-5678;atualizar_email@sefaz.to.gov.br;14/10/2025 09:26;14/11/2025 08:15;-1018257356;-483362181
04e86ec7-8fdd-4e80-ade9-1d4eb45447a3;013.DIGEP;Diretoria de Gestão de Pessoas;1;atualizar endereço;0;;CENTRO;PALMAS;TO;77001908;63 - 1234-5678;atualizar_email@sefaz.to.gov.br;14/10/2025 09:26;14/11/2025 08:15;-1018257356;-483362181
04e86ec7-8fdd-4e80-ade9-1d4eb45447a3;013.DIGECE;Diretoria de Gestão do Caixa Estadual;1;atualizar endereço;0;;CENTRO;PALMAS;TO;77001908;63 - 1234-5678;atualizar_email@sefaz.to.gov.br;14/10/2025 09:26;14/11/2025 08:15;-1018257356;-483362181
04e86ec7-8fdd-4e80-ade9-1d4eb45447a3;013.DIGCON;Diretoria de Grandes Contribuintes;1;atualizar endereço;0;;CENTRO;PALMAS;TO;77001908;63 - 1234-5678;atualizar_email@sefaz.to.gov.br;14/10/2025 09:26;14/11/2025 08:15;-1018257356;-483362181
04e86ec7-8fdd-4e80-ade9-1d4eb45447a3;013.DINFIS;Diretoria de Informações Econômicas e Fiscais;1;atualizar endereço;0;;CENTRO;PALMAS;TO;77001908;63 - 1234-5678;atualizar_email@sefaz.to.gov.br;14/10/2025 09:26;14/11/2025 08:15;-1018257356;-483362181
04e86ec7-8fdd-4e80-ade9-1d4eb45447a3;013.DINFRA;Diretoria de Infraestrutura;1;atualizar endereço;0;;CENTRO;PALMAS;TO;77001908;63 - 1234-5678;atualizar_email@sefaz.to.gov.br;14/10/2025 09:26;14/11/2025 08:15;-1018257356;-483362181
04e86ec7-8fdd-4e80-ade9-1d4eb45447a3;013.DIN;Diretoria de Inovação;1;Q. 104 Norte Rua NE 5;3;Ao lado Hosp. Dona Regina;Plano Diretor Norte;Palmas;TO;77006-020;63 - 1234-5678;atualizar_email@sefaz.to.gov.br;14/10/2025 09:26;16/10/2025 14:36;-1018162083;-4832673311
04e86ec7-8fdd-4e80-ade9-1d4eb45447a3;013.DIF;Diretoria de Inteligência Fiscal;1;atualizar endereço;0;;CENTRO;PALMAS;TO;77001908;63 - 1234-5678;atualizar_email@sefaz.to.gov.br;14/10/2025 09:26;14/11/2025 08:15;-1018257356;-483362181
04e86ec7-8fdd-4e80-ade9-1d4eb45447a3;013.DILIC;Diretoria de Licitação;1;atualizar endereço;0;;CENTRO;PALMAS;TO;77001908;63 - 1234-5678;atualizar_email@sefaz.to.gov.br;14/10/2025 09:26;14/11/2025 08:15;-1018257356;-483362181
04e86ec7-8fdd-4e80-ade9-1d4eb45447a3;013.DIRESF;Diretoria de Responsabilidade Fiscal;1;atualizar endereço;0;;CENTRO;PALMAS;TO;77001908;63 - 1234-5678;atualizar_email@sefaz.to.gov.br;14/10/2025 09:26;14/11/2025 08:15;-1018257356;-483362181
04e86ec7-8fdd-4e80-ade9-1d4eb45447a3;013.DICORP;Diretoria de Sistemas Corporativos;1;atualizar endereço;0;;CENTRO;PALMAS;TO;77001908;63 - 1234-5678;atualizar_email@sefaz.to.gov.br;14/10/2025 09:26;14/11/2025 08:15;-1018257356;-483362181
04e86ec7-8fdd-4e80-ade9-1d4eb45447a3;013.DITRIB;Diretoria de Tributação;1;atualizar endereço;0;;CENTRO;PALMAS;TO;77001908;63 - 1234-5678;atualizar_email@sefaz.to.gov.br;14/10/2025 09:26;14/11/2025 08:15;-1018257356;-483362181
04e86ec7-8fdd-4e80-ade9-1d4eb45447a3;013.DIGET;Diretoria Geral de Gestão Tecnológica;1;atualizar endereço;0;;CENTRO;PALMAS;TO;77001908;63 - 1234-5678;atualizar_email@sefaz.to.gov.br;14/10/2025 09:26;14/11/2025 08:15;-1018257356;-483362181
04e86ec7-8fdd-4e80-ade9-1d4eb45447a3;013.GABSEC;Gabinete do Secretário;1;atualizar endereço;0;;CENTRO;PALMAS;TO;77001908;63 - 1234-5678;atualizar_email@sefaz.to.gov.br;14/10/2025 09:26;14/11/2025 08:15;-1018257356;-483362181
04e86ec7-8fdd-4e80-ade9-1d4eb45447a3;013.GASEGT;Gabinete do Secretário Exec de Gestão Tributária;1;atualizar endereço;0;;CENTRO;PALMAS;TO;77001908;63 - 1234-5678;atualizar_email@sefaz.to.gov.br;14/10/2025 09:26;14/11/2025 08:15;-1018257356;-483362181
04e86ec7-8fdd-4e80-ade9-1d4eb45447a3;013.GABSEXT;Gabinete do Secretario Executivo do Tesouro;1;atualizar endereço;0;;CENTRO;PALMAS;TO;77001908;63 - 1234-5678;atualizar_email@sefaz.to.gov.br;14/10/2025 09:26;14/11/2025 08:15;-1018257356;-483362181
04e86ec7-8fdd-4e80-ade9-1d4eb45447a3;013.GEDIAT;Gerência da Dívida Ativa;1;atualizar endereço;0;;CENTRO;PALMAS;TO;77001908;63 - 1234-5678;atualizar_email@sefaz.to.gov.br;14/10/2025 09:26;14/11/2025 08:12;-1018257356;-483362181
04e86ec7-8fdd-4e80-ade9-1d4eb45447a3;013.GESICAP;Gerência de Acomp  do SICAP Contábil;1;atualizar endereço;0;;CENTRO;PALMAS;TO;77001908;63 - 1234-5678;atualizar_email@sefaz.to.gov.br;14/10/2025 09:26;14/11/2025 08:12;-1018257356;-483362181
04e86ec7-8fdd-4e80-ade9-1d4eb45447a3;013.GEACONT;Gerência de Acomp Contábil das Unidades Setoriais;1;atualizar endereço;0;;CENTRO;PALMAS;TO;77001908;63 - 1234-5678;atualizar_email@sefaz.to.gov.br;14/10/2025 09:26;14/11/2025 08:12;-1018257356;-483362181
04e86ec7-8fdd-4e80-ade9-1d4eb45447a3;013.GEASC;Gerência de Acomp do Sist Contábil Financeiro;1;atualizar endereço;0;;CENTRO;PALMAS;TO;77001908;63 - 1234-5678;atualizar_email@sefaz.to.gov.br;14/10/2025 09:26;14/11/2025 08:12;-1018257356;-483362181
04e86ec7-8fdd-4e80-ade9-1d4eb45447a3;013.GEALOG;Gerência de Administração e Logística;1;atualizar endereço;0;;CENTRO;PALMAS;TO;77001908;63 - 1234-5678;atualizar_email@sefaz.to.gov.br;14/10/2025 09:26;14/11/2025 08:12;-1018257356;-483362181
04e86ec7-8fdd-4e80-ade9-1d4eb45447a3;013.GEALMO;Gerência de Almoxarifado;1;atualizar endereço;0;;CENTRO;PALMAS;TO;77001908;63 - 1234-5678;atualizar_email@sefaz.to.gov.br;14/10/2025 09:26;14/11/2025 08:12;-1018257356;-483362181
04e86ec7-8fdd-4e80-ade9-1d4eb45447a3;013.GEAPRO;Gerência de Análise Processual;1;atualizar endereço;0;;CENTRO;PALMAS;TO;77001908;63 - 1234-5678;atualizar_email@sefaz.to.gov.br;14/10/2025 09:26;14/11/2025 08:12;-1018257356;-483362181
04e86ec7-8fdd-4e80-ade9-1d4eb45447a3;013.GEAPO;Gerência de Apoio;1;atualizar endereço;0;;CENTRO;PALMAS;TO;77001908;63 - 1234-5678;atualizar_email@sefaz.to.gov.br;14/10/2025 09:26;14/11/2025 08:12;-1018257356;-483362181
04e86ec7-8fdd-4e80-ade9-1d4eb45447a3;013.GEAR;Gerência de Arrecadação;1;atualizar endereço;0;;CENTRO;PALMAS;TO;77001908;63 - 1234-5678;atualizar_email@sefaz.to.gov.br;14/10/2025 09:26;14/11/2025 08:12;-1018257356;-483362181
04e86ec7-8fdd-4e80-ade9-1d4eb45447a3;013.GEAUFIS;Gerência de Automação Fiscal;1;atualizar endereço;0;;CENTRO;PALMAS;TO;77001908;63 - 1234-5678;atualizar_email@sefaz.to.gov.br;14/10/2025 09:26;14/11/2025 08:12;-1018257356;-483362181
04e86ec7-8fdd-4e80-ade9-1d4eb45447a3;013.GEBAD;Gerência de Banco de Dados;1;atualizar endereço;0;;CENTRO;PALMAS;TO;77001908;63 - 1234-5678;atualizar_email@sefaz.to.gov.br;14/10/2025 09:26;14/11/2025 08:12;-1018257356;-483362181
04e86ec7-8fdd-4e80-ade9-1d4eb45447a3;013.GEBEFI;Gerência de Benefícios Fiscais;1;atualizar endereço;0;;CENTRO;PALMAS;TO;77001908;63 - 1234-5678;atualizar_email@sefaz.to.gov.br;14/10/2025 09:26;14/11/2025 08:12;-1018257356;-483362181
04e86ec7-8fdd-4e80-ade9-1d4eb45447a3;013.GECAD;Gerência de Cadastro;1;atualizar endereço;0;;CENTRO;PALMAS;TO;77001908;63 - 1234-5678;atualizar_email@sefaz.to.gov.br;14/10/2025 09:26;14/11/2025 08:12;-1018257356;-483362181
04e86ec7-8fdd-4e80-ade9-1d4eb45447a3;013.GERCOBR;Gerência de Cobrança;1;atualizar endereço;0;;CENTRO;PINDORAMA DO TOCANTINS;TO;77380000;63 - 1234-5678;atualizar_email@sefaz.to.gov.br;14/10/2025 09:26;14/11/2025 08:12;-1113647682;-4757978727
04e86ec7-8fdd-4e80-ade9-1d4eb45447a3;013.GECOM;Gerência de Compras;1;atualizar endereço;0;;CENTRO;PALMAS;TO;77001908;63 - 1234-5678;atualizar_email@sefaz.to.gov.br;14/10/2025 09:26;14/11/2025 08:12;-1018257356;-483362181
04e86ec7-8fdd-4e80-ade9-1d4eb45447a3;013.GECAS;Gerência de Controle de Acesso ao Siafe;1;atualizar endereço;0;;CENTRO;PALMAS;TO;77001908;63 - 1234-5678;atualizar_email@sefaz.to.gov.br;14/10/2025 09:26;14/11/2025 08:12;-1018257356;-483362181
04e86ec7-8fdd-4e80-ade9-1d4eb45447a3;013.GEARPRO;Gerência de Controle e Acomp de Processos;1;atualizar endereço;0;;CENTRO;PORTO NACIONAL;TO;77500-000;63 - 1234-5678;atualizar_email@sefaz.to.gov.br;14/10/2025 09:26;14/11/2025 08:12;-107098676;-4840929633
04e86ec7-8fdd-4e80-ade9-1d4eb45447a3;013.GECEC-TO;Gerência de Cotação Eletrônica - Compras-TO;1;atualizar endereço;0;;CENTRO;PALMAS;TO;77001908;63 - 1234-5678;atualizar_email@sefaz.to.gov.br;14/10/2025 09:26;14/11/2025 08:12;-1018257356;-483362181
04e86ec7-8fdd-4e80-ade9-1d4eb45447a3;013.GEDENT;Gerência de Débitos não Tributários;1;atualizar endereço;0;;CENTRO;PALMAS;TO;77001908;63 - 1234-5678;atualizar_email@sefaz.to.gov.br;14/10/2025 09:26;14/11/2025 08:12;-1018257356;-483362181
04e86ec7-8fdd-4e80-ade9-1d4eb45447a3;013.GEDEC;Gerência de Demonstrações Contábeis;1;atualizar endereço;0;;CENTRO;PALMAS;TO;77001908;63 - 1234-5678;atualizar_email@sefaz.to.gov.br;14/10/2025 09:26;14/11/2025 08:12;-1018257356;-483362181
04e86ec7-8fdd-4e80-ade9-1d4eb45447a3;013.GEFOR;Gerência de e-Fornecedores;1;atualizar endereço;0;;CENTRO;PALMAS;TO;77001908;63 - 1234-5678;atualizar_email@sefaz.to.gov.br;14/10/2025 09:26;14/11/2025 08:12;-1018257356;-483362181
04e86ec7-8fdd-4e80-ade9-1d4eb45447a3;013.GELDFIS;Gerência de Elaboração de Demons Fiscais;1;atualizar endereço;0;;CENTRO;PALMAS;TO;77001908;63 - 1234-5678;atualizar_email@sefaz.to.gov.br;14/10/2025 09:26;14/11/2025 08:12;-1018257356;-483362181
04e86ec7-8fdd-4e80-ade9-1d4eb45447a3;013.GELED;Gerência de Elaboração de Editais;1;atualizar endereço;0;;CENTRO;PALMAS;TO;77001908;63 - 1234-5678;atualizar_email@sefaz.to.gov.br;14/10/2025 09:26;14/11/2025 08:12;-1018257356;-483362181
04e86ec7-8fdd-4e80-ade9-1d4eb45447a3;013.GEORF;Gerência de Execução Orçamentária e Financeira;1;atualizar endereço;0;;CENTRO;PALMAS;TO;77001908;63 - 1234-5678;atualizar_email@sefaz.to.gov.br;14/10/2025 09:26;14/11/2025 08:12;-1018257356;-483362181
04e86ec7-8fdd-4e80-ade9-1d4eb45447a3;013.GEFISTRA;Gerência de Fisc de Trânsito e Postos Fiscais;1;atualizar endereço;0;;CENTRO;PALMAS;TO;77001908;63 - 1234-5678;atualizar_email@sefaz.to.gov.br;14/10/2025 09:26;14/11/2025 08:12;-1018257356;-483362181
04e86ec7-8fdd-4e80-ade9-1d4eb45447a3;013.GEFISEST;Gerência de Fiscalização de Estabelecimentos;1;atualizar endereço;0;;CENTRO;PALMAS;TO;77001908;63 - 1234-5678;atualizar_email@sefaz.to.gov.br;14/10/2025 09:26;14/11/2025 08:12;-1018257356;-483362181
04e86ec7-8fdd-4e80-ade9-1d4eb45447a3;013.GEIMC;Gerência de Implantação de Custos;1;atualizar endereço;0;;CENTRO;PALMAS;TO;77001908;63 - 1234-5678;atualizar_email@sefaz.to.gov.br;14/10/2025 09:26;14/11/2025 08:12;-1018257356;-483362181
04e86ec7-8fdd-4e80-ade9-1d4eb45447a3;013.GIRC;Gerência de Implementação de Rotinas Contábeis;1;atualizar endereço;0;;CENTRO;PALMAS;TO;77001908;63 - 1234-5678;atualizar_email@sefaz.to.gov.br;14/10/2025 09:26;14/11/2025 08:12;-1018257356;-483362181
04e86ec7-8fdd-4e80-ade9-1d4eb45447a3;013.GEINFEC;Gerência de Informações Econômico-Fiscais;1;atualizar endereço;0;;CENTRO;PALMAS;TO;77001908;63 - 1234-5678;atualizar_email@sefaz.to.gov.br;14/10/2025 09:26;14/11/2025 08:12;-1018257356;-483362181
04e86ec7-8fdd-4e80-ade9-1d4eb45447a3;013.GEIPLE;Gerência de IPVA e Leilões;1;atualizar endereço;0;;CENTRO;PALMAS;TO;77001908;63 - 1234-5678;atualizar_email@sefaz.to.gov.br;14/10/2025 09:26;14/11/2025 08:12;-1018257356;-483362181
04e86ec7-8fdd-4e80-ade9-1d4eb45447a3;013.GITCMD;Gerência de ITCMD;1;atualizar endereço;0;;CENTRO;PALMAS;TO;77001908;63 - 1234-5678;atualizar_email@sefaz.to.gov.br;14/10/2025 09:26;14/11/2025 08:12;-1018257356;-483362181
04e86ec7-8fdd-4e80-ade9-1d4eb45447a3;013.GEINFAZ;Gerência de Monitoramento e Insp Adm Fazendária;1;atualizar endereço;0;;CENTRO;PALMAS;TO;77001908;63 - 1234-5678;atualizar_email@sefaz.to.gov.br;14/10/2025 09:26;14/11/2025 08:12;-1018257356;-483362181
04e86ec7-8fdd-4e80-ade9-1d4eb45447a3;013.GENAC;Gerência de Normas para a apuração de Custos;1;atualizar endereço;0;;CENTRO;PALMAS;TO;77001908;63 - 1234-5678;atualizar_email@sefaz.to.gov.br;14/10/2025 09:26;14/11/2025 08:12;-1018257356;-483362181
04e86ec7-8fdd-4e80-ade9-1d4eb45447a3;013.GENOR;Gerência de Normatização;1;atualizar endereço;0;;CENTRO;PALMAS;TO;77001908;63 - 1234-5678;atualizar_email@sefaz.to.gov.br;14/10/2025 09:26;14/11/2025 08:12;-1018257356;-483362181
04e86ec7-8fdd-4e80-ade9-1d4eb45447a3;013.GENOCON;Gerência de Normatização Contábil;1;atualizar endereço;0;;CENTRO;PALMAS;TO;77001908;63 - 1234-5678;atualizar_email@sefaz.to.gov.br;14/10/2025 09:26;14/11/2025 08:12;-1018257356;-483362181
04e86ec7-8fdd-4e80-ade9-1d4eb45447a3;013.GEPFI;Gerência de Planejamento Financeiro;1;atualizar endereço;0;;CENTRO;PALMAS;TO;77001908;63 - 1234-5678;atualizar_email@sefaz.to.gov.br;14/10/2025 09:26;14/11/2025 08:12;-1018257356;-483362181
04e86ec7-8fdd-4e80-ade9-1d4eb45447a3;013.GEPROC;Gerência de Processos e Procedimentos;1;atualizar endereço;0;;CENTRO;PALMAS;TO;77001908;63 - 1234-5678;atualizar_email@sefaz.to.gov.br;14/10/2025 09:26;14/11/2025 08:12;-1018257356;-483362181
04e86ec7-8fdd-4e80-ade9-1d4eb45447a3;013.GECAED;Gerência de Programação, Capacit e Educação;1;atualizar endereço;0;;CENTRO;PALMAS;TO;77001908;63 - 1234-5678;atualizar_email@sefaz.to.gov.br;14/10/2025 09:26;14/11/2025 08:12;-1018257356;-483362181
04e86ec7-8fdd-4e80-ade9-1d4eb45447a3;013.GERCOM;Gerência de Redes e Comunicação;1;atualizar endereço;0;;CENTRO;PALMAS;TO;77001908;63 - 1234-5678;atualizar_email@sefaz.to.gov.br;14/10/2025 09:26;14/11/2025 08:12;-1018257356;-483362181
04e86ec7-8fdd-4e80-ade9-1d4eb45447a3;013.GESDI;Gerência de Segurança Digital;1;atualizar endereço;0;;CENTRO;PALMAS;TO;77001908;63 - 1234-5678;atualizar_email@sefaz.to.gov.br;14/10/2025 09:26;14/11/2025 08:12;-1018257356;-483362181
04e86ec7-8fdd-4e80-ade9-1d4eb45447a3;013.GESDAT;Gerência de Servidores e Data Center;1;atualizar endereço;0;;CENTRO;PALMAS;TO;77001908;63 - 1234-5678;atualizar_email@sefaz.to.gov.br;14/10/2025 09:26;14/11/2025 08:12;-1018257356;-483362181
04e86ec7-8fdd-4e80-ade9-1d4eb45447a3;013.GESFIN;Gerência de Sistemas Financeiros;1;atualizar endereço;0;;CENTRO;PALMAS;TO;77001908;63 - 1234-5678;atualizar_email@sefaz.to.gov.br;14/10/2025 09:26;14/11/2025 08:12;-1018257356;-483362181
04e86ec7-8fdd-4e80-ade9-1d4eb45447a3;013.GESITRI;Gerência de Sistemas Tributários;1;atualizar endereço;0;;CENTRO;PALMAS;TO;77001908;63 - 1234-5678;atualizar_email@sefaz.to.gov.br;14/10/2025 09:26;14/11/2025 08:12;-1018257356;-483362181
04e86ec7-8fdd-4e80-ade9-1d4eb45447a3;013.GESUT;Gerência de Substituição Tributária;1;atualizar endereço;0;;CENTRO;PALMAS;TO;77001908;63 - 1234-5678;atualizar_email@sefaz.to.gov.br;14/10/2025 09:26;14/11/2025 08:12;-1018257356;-483362181
04e86ec7-8fdd-4e80-ade9-1d4eb45447a3;013.GESOP;Gerência de Suporte e Operações;1;atualizar endereço;0;;CENTRO;PALMAS;TO;77001908;63 - 1234-5678;atualizar_email@sefaz.to.gov.br;14/10/2025 09:26;14/11/2025 08:17;-1018257356;-483362181
04e86ec7-8fdd-4e80-ade9-1d4eb45447a3;013.GETHO;Gerência de Testes e Homologação;1;atualizar endereço;0;;CENTRO;PALMAS;TO;77001908;63 - 1234-5678;atualizar_email@sefaz.to.gov.br;14/10/2025 09:26;14/11/2025 08:12;-1018257356;-483362181
04e86ec7-8fdd-4e80-ade9-1d4eb45447a3;013.GETRANS;Gerência de Transporte;1;atualizar endereço;0;;CENTRO;PALMAS;TO;77001908;63 - 1234-5678;atualizar_email@sefaz.to.gov.br;14/10/2025 09:26;14/11/2025 08:12;-1018257356;-483362181
04e86ec7-8fdd-4e80-ade9-1d4eb45447a3;013.GETEC;Gerência de Tribut de Energia e Comunicação;1;atualizar endereço;0;;CENTRO;PALMAS;TO;77001908;63 - 1234-5678;atualizar_email@sefaz.to.gov.br;14/10/2025 09:26;14/11/2025 08:12;-1018257356;-483362181
04e86ec7-8fdd-4e80-ade9-1d4eb45447a3;013.GETC;Gerência de Tributação de Combustível;1;atualizar endereço;0;;CENTRO;PALMAS;TO;77001908;63 - 1234-5678;atualizar_email@sefaz.to.gov.br;14/10/2025 09:26;14/11/2025 08:12;-1018257356;-483362181
04e86ec7-8fdd-4e80-ade9-1d4eb45447a3;013.GETACE;Gerência de Tributação do Agron e Com Exterior;1;atualizar endereço;0;;CENTRO;PALMAS;TO;77001908;63 - 1234-5678;atualizar_email@sefaz.to.gov.br;14/10/2025 09:26;14/11/2025 08:12;-1018257356;-483362181
04e86ec7-8fdd-4e80-ade9-1d4eb45447a3;013.GEGADM;Gerência Geral de Administração;1;atualizar endereço;0;;CENTRO;PALMAS;TO;77001908;63 - 1234-5678;atualizar_email@sefaz.to.gov.br;14/10/2025 09:26;14/11/2025 08:12;-1018257356;-483362181
04e86ec7-8fdd-4e80-ade9-1d4eb45447a3;013.MCPPDS;Membro Com P Proc Disc Sindicâncias e Revisão;1;atualizar endereço;0;;CENTRO;PALMAS;TO;77001908;63 - 1234-5678;atualizar_email@sefaz.to.gov.br;14/10/2025 09:26;14/11/2025 08:12;-1018257356;-483362181
04e86ec7-8fdd-4e80-ade9-1d4eb45447a3;013.OUVFA;Ouvidoria Fazendária;1;atualizar endereço;0;;CENTRO;PALMAS;TO;77001908;63 - 1234-5678;atualizar_email@sefaz.to.gov.br;14/10/2025 09:26;14/11/2025 08:12;-1018257356;-483362181
04e86ec7-8fdd-4e80-ade9-1d4eb45447a3;013.POSFISBAL;Posto Fiscal - Balsa;1;atualizar endereço;0;;CENTRO;TOCANTINOPOLIS;TO;77900000;63 - 1234-5678;atualizar_email@sefaz.to.gov.br;14/10/2025 09:26;14/11/2025 08:12;-632894794;-4742165918
04e86ec7-8fdd-4e80-ade9-1d4eb45447a3;013.POFIBEVI;Posto Fiscal - Bela Vista;1;atualizar endereço;0;;CENTRO;SAO MIGUEL DO TOCANTINS;TO;77925000;63 - 1234-5678;atualizar_email@sefaz.to.gov.br;14/10/2025 09:26;14/11/2025 08:12;-555395652;-475781227
04e86ec7-8fdd-4e80-ade9-1d4eb45447a3;013.POFIBEI;Posto Fiscal - Bezerra I;1;atualizar endereço;0;;CENTRO;ARRAIAS;TO;77330000;63 - 1234-5678;atualizar_email@sefaz.to.gov.br;14/10/2025 09:26;14/11/2025 08:12;-1292648446;-4694742596
04e86ec7-8fdd-4e80-ade9-1d4eb45447a3;013.POSFISCAS;Posto Fiscal - Caseara;1;atualizar endereço;0;;CENTRO;CASEARA;TO;77680000;63 - 1234-5678;atualizar_email@sefaz.to.gov.br;14/10/2025 09:26;14/11/2025 08:12;-927089821;-4995509705
04e86ec7-8fdd-4e80-ade9-1d4eb45447a3;013.POFICOMA;Posto Fiscal - Couto Magalhaes;1;atualizar endereço;0;;CENTRO;COUTO MAGALHAES;TO;77750000;63 - 1234-5678;atualizar_email@sefaz.to.gov.br;14/10/2025 09:26;14/11/2025 08:12;-835932739;-4917851748
04e86ec7-8fdd-4e80-ade9-1d4eb45447a3;013.POFIDUPO;Posto Fiscal - Duas Pontes;1;atualizar endereço;0;;CENTRO;TAGUATINGA;TO;77320000;63 - 1234-5678;atualizar_email@sefaz.to.gov.br;14/10/2025 09:26;14/11/2025 08:12;-1240913505;-4643140623
04e86ec7-8fdd-4e80-ade9-1d4eb45447a3;013.POSFISEST;Posto Fiscal - Estreito;1;atualizar endereço;0;;CENTRO;AGUIARNOPOLIS;TO;77908000;63 - 1234-5678;atualizar_email@sefaz.to.gov.br;14/10/2025 09:26;14/11/2025 08:12;-655890546;-4747688129
04e86ec7-8fdd-4e80-ade9-1d4eb45447a3;013.POSFISFIL;Posto Fiscal - Filadelfia;1;atualizar endereço;0;;CENTRO;FILADELFIA;TO;77795000;63 - 1234-5678;atualizar_email@sefaz.to.gov.br;14/10/2025 09:26;14/11/2025 08:12;-733709974;-4749678275
04e86ec7-8fdd-4e80-ade9-1d4eb45447a3;013.POFIJATO;Posto Fiscal - Jau do Tocantins;1;atualizar endereço;0;;CENTRO;JAU DO TOCANTINS;TO;77450000;63 - 1234-5678;atualizar_email@sefaz.to.gov.br;14/10/2025 09:26;14/11/2025 08:12;-1265267632;-4859176286
04e86ec7-8fdd-4e80-ade9-1d4eb45447a3;013.POSFISLEV;Posto Fiscal - Levantado;1;atualizar endereço;0;;CENTRO;TAGUATINGA;TO;77320000;63 - 1234-5678;atualizar_email@sefaz.to.gov.br;14/10/2025 09:26;14/11/2025 08:12;-1240913505;-4643140623
04e86ec7-8fdd-4e80-ade9-1d4eb45447a3;013.POFINOAL;Posto Fiscal - Novo Alegre;1;atualizar endereço;0;;CENTRO;NOVO ALEGRE;TO;77353000;63 - 1234-5678;atualizar_email@sefaz.to.gov.br;14/10/2025 09:26;14/11/2025 08:12;-1291525868;-4657648926
04e86ec7-8fdd-4e80-ade9-1d4eb45447a3;013.POFIPADA;Posto Fiscal - Pau Darco;1;atualizar endereço;0;;CENTRO;PAU DARCO;TO;77785000;63 - 1234-5678;atualizar_email@sefaz.to.gov.br;14/10/2025 09:26;14/11/2025 08:12;-75422365;-4936723715
04e86ec7-8fdd-4e80-ade9-1d4eb45447a3;013.POFISEGE;Posto Fiscal - Serra Geral;1;atualizar endereço;0;;CENTRO;TAGUATINGA;TO;77320000;63 - 1234-5678;atualizar_email@sefaz.to.gov.br;14/10/2025 09:26;14/11/2025 08:12;-1240913505;-4643140623
04e86ec7-8fdd-4e80-ade9-1d4eb45447a3;013.POSFISTAL;Posto Fiscal - Talisma;1;atualizar endereço;0;;CENTRO;TALISMA;TO;77483000;63 - 1234-5678;atualizar_email@sefaz.to.gov.br;14/10/2025 09:26;14/11/2025 08:12;-1279811766;-4909249063
04e86ec7-8fdd-4e80-ade9-1d4eb45447a3;013.POSFISTRA;Posto Fiscal - Transamazonica;1;atualizar endereço;0;;CENTRO;AUGUSTINOPOLIS;TO;77960000;63 - 1234-5678;atualizar_email@sefaz.to.gov.br;14/10/2025 09:26;14/11/2025 08:12;-546479565;-4788496084
04e86ec7-8fdd-4e80-ade9-1d4eb45447a3;013.PRESCONT;Presidência do Contencioso Adm Tributário;1;atualizar endereço;0;;CENTRO;PALMAS;TO;77001908;63 - 1234-5678;atualizar_email@sefaz.to.gov.br;14/10/2025 09:26;14/11/2025 08:12;-1018257356;-483362181
04e86ec7-8fdd-4e80-ade9-1d4eb45447a3;013.PCPPDS;Presidente Com P Proc Disc Sindicâncias e Revisão;1;atualizar endereço;0;;CENTRO;PALMAS;TO;77001908;63 - 1234-5678;atualizar_email@sefaz.to.gov.br;14/10/2025 09:26;14/11/2025 08:12;-1018257356;-483362181
04e86ec7-8fdd-4e80-ade9-1d4eb45447a3;013.SEGER2;Secretaria-Geral;1;atualizar endereço;0;;CENTRO;PALMAS;TO;77001908;63 - 1234-5678;atualizar_email@sefaz.to.gov.br;14/10/2025 09:26;14/11/2025 08:12;-1018257356;-483362181
04e86ec7-8fdd-4e80-ade9-1d4eb45447a3;013.SAF;Superintendência de Administração e Finanças;1;atualizar endereço;0;;CENTRO;PALMAS;TO;77001908;63 - 1234-5678;atualizar_email@sefaz.to.gov.br;14/10/2025 09:26;14/11/2025 08:12;-1018257356;-483362181
04e86ec7-8fdd-4e80-ade9-1d4eb45447a3;013.SUATRI;Superintendência de Administração Tributária;1;atualizar endereço;0;;CENTRO;PALMAS;TO;77001908;63 - 1234-5678;atualizar_email@sefaz.to.gov.br;14/10/2025 09:26;14/11/2025 08:12;-1018257356;-483362181
04e86ec7-8fdd-4e80-ade9-1d4eb45447a3;013.SUASJUR;Superintendência de Assuntos Jurídicos;1;atualizar endereço;0;;CENTRO;PALMAS;TO;77001908;63 - 1234-5678;atualizar_email@sefaz.to.gov.br;14/10/2025 09:26;14/11/2025 08:12;-1018257356;-483362181
04e86ec7-8fdd-4e80-ade9-1d4eb45447a3;013.SUCOLI;Superintendência de Compras e Central de Licitação;1;atualizar endereço;0;;CENTRO;PALMAS;TO;77001908;63 - 1234-5678;atualizar_email@sefaz.to.gov.br;14/10/2025 09:26;14/11/2025 08:12;-1018257356;-483362181
04e86ec7-8fdd-4e80-ade9-1d4eb45447a3;013.SUCOG;Superintendência de Contabilidade Geral;1;atualizar endereço;0;;CENTRO;PALMAS;TO;77001908;63 - 1234-5678;atualizar_email@sefaz.to.gov.br;14/10/2025 09:26;14/11/2025 08:12;-1018257356;-483362181
04e86ec7-8fdd-4e80-ade9-1d4eb45447a3;013.SUPEFE;Superintendência de Enfret a Frau Fis Estruturadas;1;atualizar endereço;0;;CENTRO;PALMAS;TO;77001908;63 - 1234-5678;atualizar_email@sefaz.to.gov.br;14/10/2025 09:26;14/11/2025 08:12;-1018257356;-483362181
04e86ec7-8fdd-4e80-ade9-1d4eb45447a3;013.SUTIF;Superintendência de Tecnol e Inov Fazendária;1;atualizar endereço;0;;CENTRO;PALMAS;TO;77001908;63 - 1234-5678;atualizar_email@sefaz.to.gov.br;14/10/2025 09:26;14/11/2025 08:12;-1018257356;-483362181
04e86ec7-8fdd-4e80-ade9-1d4eb45447a3;013.SUTES;Superintendência do Tesouro Estadual;1;atualizar endereço;0;;CENTRO;PALMAS;TO;77001908;63 - 1234-5678;atualizar_email@sefaz.to.gov.br;14/10/2025 09:26;14/11/2025 08:12;-1018257356;-483362181
04e86ec7-8fdd-4e80-ade9-1d4eb45447a3;013.PROTCENT;Protocolo Geral - Sefaz ;1;Praça Girassóis;sem número;;Plano Diretor Norte;Palmas;TO;77001-908;(63) 3027-2003;gprotocolo@sefaz.to.gov.br;29/10/2025 11:27;29/10/2025 11:46;-1018380672;-4833632469
04e86ec7-8fdd-4e80-ade9-1d4eb45447a3;013.SERCED;Servidores Cedidos Externos;1;atualizar endereço;0;;CENTRO;PALMAS;TO;77001908;63 - 1234-5678;atualizar_email@sefaz.to.gov.br;14/10/2025 09:26;14/11/2025 08:12;-1018257356;-483362181
