ID;CODIGO_SETOR;ATIVO;NOME_SETOR;ORGAO;LOGRADOURO;NUMERO;COMPLEMENTO;BAIRRO;CIDADE;ESTADO;CEP;TELEFONE;EMAIL
1;013.AGEATBAT;1;Agência de Atendimento Bandeirantes do Tocantins;Secretaria da Fazenda;atualizar endereço;0;complemento do endereço;CENTRO;BANDEIRANTES DO TOCANTINS;TO;77783000;63 - 1234-5678;atualizar_email@sefaz.to.gov.br
2;013.AGEATABR;1;Agência de Atendimento de Abreulândia;Secretaria da Fazenda;atualizar endereço;0;complemento do endereço;CENTRO;ABREULANDIA;TO;77693000;63 - 1234-5678;atualizar_email@sefaz.to.gov.br
3;013.AGEATAGU;1;Agência de Atendimento de Aguiarnópolis;Secretaria da Fazenda;atualizar endereço;0;complemento do endereço;CENTRO;AGUIARNOPOLIS;TO;77908000;63 - 1234-5678;atualizar_email@sefaz.to.gov.br
4;013.AGEATALT;1;Agência de Atendimento de Aliança do Tocantins;Secretaria da Fazenda;atualizar endereço;0;complemento do endereço;CENTRO;ALIANCA DO TOCANTINS;TO;77455000;63 - 1234-5678;atualizar_email@sefaz.to.gov.br
5;013.AGEATALM;1;Agência de Atendimento de Almas;Secretaria da Fazenda;atualizar endereço;0;complemento do endereço;CENTRO;ALMAS;TO;77310000;63 - 1234-5678;atualizar_email@sefaz.to.gov.br
6;013.AGEATALV;1;Agência de Atendimento de Alvorada;Secretaria da Fazenda;atualizar endereço;0;complemento do endereço;CENTRO;ALVORADA;TO;77480000;63 - 1234-5678;atualizar_email@sefaz.to.gov.br
7;013.AGEATANN;1;Agência de Atendimento de Ananás;Secretaria da Fazenda;atualizar endereço;0;complemento do endereço;CENTRO;ANANAS;TO;77890000;63 - 1234-5678;atualizar_email@sefaz.to.gov.br
8;013.AGEATANG;1;Agência de Atendimento de Angico;Secretaria da Fazenda;atualizar endereço;0;complemento do endereço;CENTRO;ANGICO;TO;77895000;63 - 1234-5678;atualizar_email@sefaz.to.gov.br
9;013.AGEATARN;1;Agência de Atendimento de Aparecida do Rio Negro;Secretaria da Fazenda;atualizar endereço;0;complemento do endereço;CENTRO;APARECIDA DO RIO NEGRO;TO;77620000;63 - 1234-5678;atualizar_email@sefaz.to.gov.br
10;013.AGEATARG;1;Agência de Atendimento de Aragominas;Secretaria da Fazenda;atualizar endereço;0;complemento do endereço;CENTRO;ARAGOMINAS;TO;77845000;63 - 1234-5678;atualizar_email@sefaz.to.gov.br
11;013.AGEATARC;1;Agência de Atendimento de Araguacema;Secretaria da Fazenda;atualizar endereço;0;complemento do endereço;CENTRO;ARAGUACEMA;TO;77690000;63 - 1234-5678;atualizar_email@sefaz.to.gov.br
12;013.AGEATARU;1;Agência de Atendimento de Araguaçu;Secretaria da Fazenda;atualizar endereço;0;complemento do endereço;CENTRO;ARAGUACU;TO;77475000;63 - 1234-5678;atualizar_email@sefaz.to.gov.br
13;013.AGEATARA;1;Agência de Atendimento de Araguaína;Secretaria da Fazenda;atualizar endereço;0;complemento do endereço;CENTRO;ARAGUAINA;TO;77803140;63 - 1234-5678;atualizar_email@sefaz.to.gov.br
14;013.AGEATAGN;1;Agência de Atendimento de Araguanã;Secretaria da Fazenda;atualizar endereço;0;complemento do endereço;CENTRO;ARAGUANÃ;TO;77855000;63 - 1234-5678;atualizar_email@sefaz.to.gov.br
15;013.AGEATAGI;1;Agência de Atendimento de Araguatins;Secretaria da Fazenda;atualizar endereço;0;complemento do endereço;CENTRO;ARAGUATINS;TO;77950000;63 - 1234-5678;atualizar_email@sefaz.to.gov.br
16;013.AGEATARP;1;Agência de Atendimento de Arapoema;Secretaria da Fazenda;atualizar endereço;0;complemento do endereço;CENTRO;ARAPOEMA;TO;77780000;63 - 1234-5678;atualizar_email@sefaz.to.gov.br
17;013.AGEATARR;1;Agência de Atendimento de Arraias;Secretaria da Fazenda;atualizar endereço;0;complemento do endereço;CENTRO;ARRAIAS;TO;77330000;63 - 1234-5678;atualizar_email@sefaz.to.gov.br
18;013.AGEATAUG;1;Agência de Atendimento de Augustinópolis;Secretaria da Fazenda;atualizar endereço;0;complemento do endereço;CENTRO;SAMPAIO;TO;77980000;63 - 1234-5678;atualizar_email@sefaz.to.gov.br
19;013.AGEATAUT;1;Agência de Atendimento de Aurora do Tocantins;Secretaria da Fazenda;atualizar endereço;0;complemento do endereço;CENTRO;AURORA DO TOCANTINS;TO;77325000;63 - 1234-5678;atualizar_email@sefaz.to.gov.br
20;013.AGEATAXT;1;Agência de Atendimento de Axixá do Tocantins;Secretaria da Fazenda;atualizar endereço;0;complemento do endereço;CENTRO;AXIXA DO TOCANTINS;TO;77930000;63 - 1234-5678;atualizar_email@sefaz.to.gov.br
21;013.AGEATBBL;1;Agência de Atendimento de Babaçulândia;Secretaria da Fazenda;atualizar endereço;0;complemento do endereço;CENTRO;BABACULANDIA;TO;77870000;63 - 1234-5678;atualizar_email@sefaz.to.gov.br
22;013.AGEATBAR;1;Agência de Atendimento de Barrolândia;Secretaria da Fazenda;atualizar endereço;0;complemento do endereço;CENTRO;BARROLANDIA;TO;77665000;63 - 1234-5678;atualizar_email@sefaz.to.gov.br
23;013.AGEATBES;1;Agência de Atendimento de Bernardo Sayão;Secretaria da Fazenda;atualizar endereço;0;complemento do endereço;CENTRO;BERNARDO SAYAO;TO;77755000;63 - 1234-5678;atualizar_email@sefaz.to.gov.br
24;013.AGEATBJT;1;Agência de Atendimento de Bom Jesus do Tocantins;Secretaria da Fazenda;atualizar endereço;0;complemento do endereço;CENTRO;BOM JESUS DO TOCANTINS;TO;77714000;63 - 1234-5678;atualizar_email@sefaz.to.gov.br
25;013.AGEATBRT;1;Agência de Atendimento de Brasilândia do Tocantins;Secretaria da Fazenda;atualizar endereço;0;complemento do endereço;CENTRO;BRASILANDIA DO TOCANTINS;TO;77735000;63 - 1234-5678;atualizar_email@sefaz.to.gov.br
26;013.AGEATBRN;1;Agência de Atendimento de Brejinho de Nazaré;Secretaria da Fazenda;atualizar endereço;0;complemento do endereço;CENTRO;BREJINHO DE NAZARE;TO;77560000;63 - 1234-5678;atualizar_email@sefaz.to.gov.br
27;013.AGEATBUT;1;Agência de Atendimento de Buriti do Tocantins;Secretaria da Fazenda;atualizar endereço;0;complemento do endereço;CENTRO;BURITI DO TOCANTINS;TO;77995000;63 - 1234-5678;atualizar_email@sefaz.to.gov.br
28;013.AGEATCAL;1;Agência de Atendimento de Campos Lindos;Secretaria da Fazenda;atualizar endereço;0;complemento do endereço;CENTRO;CAMPOS LINDOS;TO;77777000;63 - 1234-5678;atualizar_email@sefaz.to.gov.br
29;013.AGEATCRR;1;Agência de Atendimento de Cariri do Tocantins;Secretaria da Fazenda;atualizar endereço;0;complemento do endereço;CENTRO;CARIRI DO TOCANTINS;TO;77453000;63 - 1234-5678;atualizar_email@sefaz.to.gov.br
30;013.AGEATCAR;1;Agência de Atendimento de Carmolândia;Secretaria da Fazenda;atualizar endereço;0;complemento do endereço;CENTRO;CARMOLANDIA;TO;77840000;63 - 1234-5678;atualizar_email@sefaz.to.gov.br
31;013.AGEATCAS;1;Agência de Atendimento de Caseara;Secretaria da Fazenda;atualizar endereço;0;complemento do endereço;CENTRO;CASEARA;TO;77680000;63 - 1234-5678;atualizar_email@sefaz.to.gov.br
32;013.AGEATCOL;1;Agência de Atendimento de Colinas do Tocantins;Secretaria da Fazenda;atualizar endereço;0;complemento do endereço;CENTRO;COLINAS DO TOCANTINS;TO;77760000;63 - 1234-5678;atualizar_email@sefaz.to.gov.br
33;013.AGEATCML;1;Agência de Atendimento de Colméia;Secretaria da Fazenda;atualizar endereço;0;complemento do endereço;CENTRO;COLMEIA;TO;77725000;63 - 1234-5678;atualizar_email@sefaz.to.gov.br
34;013.AGEATCBN;1;Agência de Atendimento de Combinado;Secretaria da Fazenda;atualizar endereço;0;complemento do endereço;CENTRO;COMBINADO;TO;77350000;63 - 1234-5678;atualizar_email@sefaz.to.gov.br
35;013.AGEATCOT;1;Agência de Atendimento de Conceição do Tocantins;Secretaria da Fazenda;atualizar endereço;0;complemento do endereço;CENTRO;CONCEICAO DO TOCANTINS;TO;77305000;63 - 1234-5678;atualizar_email@sefaz.to.gov.br
36;013.AGEATCOM;1;Agência de Atendimento de Couto Magalhães;Secretaria da Fazenda;atualizar endereço;0;complemento do endereço;CENTRO;COUTO MAGALHAES;TO;77750000;63 - 1234-5678;atualizar_email@sefaz.to.gov.br
37;013.AGEATCRI;1;Agência de Atendimento de Cristalãndia;Secretaria da Fazenda;atualizar endereço;0;complemento do endereço;CENTRO;CRISTALÂNDIA;TO;77490000;63 - 1234-5678;atualizar_email@sefaz.to.gov.br
38;013.AGEATDAR;1;Agência de Atendimento de Darcinópolis;Secretaria da Fazenda;atualizar endereço;0;complemento do endereço;CENTRO;DARCINOPOLIS;TO;77910000;63 - 1234-5678;atualizar_email@sefaz.to.gov.br
39;013.AGEATDIA;1;Agência de Atendimento de Dianópolis;Secretaria da Fazenda;atualizar endereço;0;complemento do endereço;CENTRO;DIANOPOLIS;TO;77300000;63 - 1234-5678;atualizar_email@sefaz.to.gov.br
40;013.AGEATDIV;1;Agência de Atendimento de Divinópolis do Tocantins;Secretaria da Fazenda;atualizar endereço;0;complemento do endereço;CENTRO;DIVINOPOLIS DO TOCANTINS;TO;77670000;63 - 1234-5678;atualizar_email@sefaz.to.gov.br
41;013.AGEATDOI;1;Agência de Atendimento de Dois irmãos do Tocantins;Secretaria da Fazenda;atualizar endereço;0;complemento do endereço;CENTRO;DOIS IRMÃOS DO TOCANTINS;TO;77685000;63 - 1234-5678;atualizar_email@sefaz.to.gov.br
42;013.AGEATDUE;1;Agência de Atendimento de Dueré;Secretaria da Fazenda;atualizar endereço;0;complemento do endereço;CENTRO;DUERE;TO;77400000;63 - 1234-5678;atualizar_email@sefaz.to.gov.br
43;013.AGEATFAT;1;Agência de Atendimento de Fátima;Secretaria da Fazenda;atualizar endereço;0;complemento do endereço;CENTRO;FATIMA;TO;77555000;63 - 1234-5678;atualizar_email@sefaz.to.gov.br
44;013.AGEATFIG;1;Agência de Atendimento de Figueirópolis;Secretaria da Fazenda;atualizar endereço;0;complemento do endereço;CENTRO;FIGUEIROPOLIS;TO;77465000;63 - 1234-5678;atualizar_email@sefaz.to.gov.br
45;013.AGEATFID;1;Agência de Atendimento de Filadélfia;Secretaria da Fazenda;atualizar endereço;0;complemento do endereço;CENTRO;FILADELFIA;TO;77795000;63 - 1234-5678;atualizar_email@sefaz.to.gov.br
46;013.AGEATFOA;1;Agência de Atendimento de Formoso do Araguaia;Secretaria da Fazenda;atualizar endereço;0;complemento do endereço;CENTRO;FORMOSO DO ARAGUAIA;TO;77470000;63 - 1234-5678;atualizar_email@sefaz.to.gov.br
47;013.AGEATGOI;1;Agência de Atendimento de Goianorte;Secretaria da Fazenda;atualizar endereço;0;complemento do endereço;CENTRO;GOIANORTE;TO;77695000;63 - 1234-5678;atualizar_email@sefaz.to.gov.br
48;013.AGEATGOT;1;Agência de Atendimento de Goiatins;Secretaria da Fazenda;atualizar endereço;0;complemento do endereço;CENTRO;GOIATINS;TO;77770000;63 - 1234-5678;atualizar_email@sefaz.to.gov.br
49;013.AGEATGUA;1;Agência de Atendimento de Guaraí;Secretaria da Fazenda;atualizar endereço;0;complemento do endereço;CENTRO;GUARAI;TO;77700000;63 - 1234-5678;atualizar_email@sefaz.to.gov.br
50;013.AGEATGUR;1;Agência de Atendimento de Gurupi;Secretaria da Fazenda;atualizar endereço;0;complemento do endereço;CENTRO;GURUPI;TO;77410070;63 - 1234-5678;atualizar_email@sefaz.to.gov.br
51;013.AGEATITA;1;Agência de Atendimento de Itacajá;Secretaria da Fazenda;atualizar endereço;0;complemento do endereço;CENTRO;ITACAJA;TO;77720000;63 - 1234-5678;atualizar_email@sefaz.to.gov.br
52;013.AGEATITG;1;Agência de Atendimento de Itaguatins;Secretaria da Fazenda;atualizar endereço;0;complemento do endereço;CENTRO;ITAGUATINS;TO;77920000;63 - 1234-5678;atualizar_email@sefaz.to.gov.br
53;013.AGEATITP;1;Agência de Atendimento de Itapiratins;Secretaria da Fazenda;atualizar endereço;0;complemento do endereço;CENTRO;ITAPIRATINS;TO;77718000;63 - 1234-5678;atualizar_email@sefaz.to.gov.br
54;013.AGEATITT;1;Agência de Atendimento de Itaporã do Tocantins;Secretaria da Fazenda;atualizar endereço;0;complemento do endereço;CENTRO;ITAPORA DO TOCANTINS;TO;77740000;63 - 1234-5678;atualizar_email@sefaz.to.gov.br
55;013.AGEATJAT;1;Agência de Atendimento de Jaú do Tocantins;Secretaria da Fazenda;atualizar endereço;0;complemento do endereço;CENTRO;JAU DO TOCANTINS;TO;77390000;63 - 1234-5678;atualizar_email@sefaz.to.gov.br
56;013.AGEATLAC;1;Agência de Atendimento de Lagoa da Confusão;Secretaria da Fazenda;atualizar endereço;0;complemento do endereço;CENTRO;LAGOA DA CONFUSAO;TO;77483000;63 - 1234-5678;atualizar_email@sefaz.to.gov.br
57;013.AGEATLAT;1;Agência de Atendimento de Lagoa do Tocantins;Secretaria da Fazenda;atualizar endereço;0;complemento do endereço;CENTRO;LAGOA DO TOCANTINS;TO;77613000;63 - 1234-5678;atualizar_email@sefaz.to.gov.br
58;013.AGEATLAG;1;Agência de Atendimento de Lajeado;Secretaria da Fazenda;atualizar endereço;0;complemento do endereço;CENTRO;LAJEADO;TO;77645000;63 - 1234-5678;atualizar_email@sefaz.to.gov.br
59;013.AGEATMAE;1;Agência de Atendimento de Mateiros;Secretaria da Fazenda;atualizar endereço;0;complemento do endereço;CENTRO;MATEIROS;TO;77593000;63 - 1234-5678;atualizar_email@sefaz.to.gov.br
60;013.AGEATMIT;1;Agência de Atendimento de Miracema do Tocantins;Secretaria da Fazenda;atualizar endereço;0;complemento do endereço;CENTRO;MIRACEMA DO TOCANTINS;TO;77650000;63 - 1234-5678;atualizar_email@sefaz.to.gov.br
61;013.AGEATMIR;1;Agência de Atendimento de Miranorte;Secretaria da Fazenda;atualizar endereço;0;complemento do endereço;CENTRO;MIRANORTE;TO;77660000;63 - 1234-5678;atualizar_email@sefaz.to.gov.br
62;013.AGEATMTC;1;Agência de Atendimento de Monte do Carmo;Secretaria da Fazenda;atualizar endereço;0;complemento do endereço;CENTRO;MONTE DO CARMO;TO;77585000;63 - 1234-5678;atualizar_email@sefaz.to.gov.br
63;013.AGEATMOT;1;Agência de Atendimento de Monte Santo do Tocantins;Secretaria da Fazenda;atualizar endereço;0;complemento do endereço;CENTRO;MONTE SANTO;TO;77600000;63 - 1234-5678;atualizar_email@sefaz.to.gov.br
64;013.AGEATMUR;1;Agência de Atendimento de Muricilãndia;Secretaria da Fazenda;atualizar endereço;0;complemento do endereço;CENTRO;MURICILANDIA;TO;77850000;63 - 1234-5678;atualizar_email@sefaz.to.gov.br
65;013.AGEATNAT;1;Agência de Atendimento de Natividade;Secretaria da Fazenda;atualizar endereço;0;complemento do endereço;CENTRO;NATIVIDADE;TO;77370000;63 - 1234-5678;atualizar_email@sefaz.to.gov.br
66;013.AGEATNAZ;1;Agência de Atendimento de Nazaré;Secretaria da Fazenda;atualizar endereço;0;complemento do endereço;CENTRO;NAZARE;TO;77895000;63 - 1234-5678;atualizar_email@sefaz.to.gov.br
67;013.AGEATNOO;1;Agência de Atendimento de Nova Olinda;Secretaria da Fazenda;atualizar endereço;0;complemento do endereço;CENTRO;NOVA OLINDA;TO;77790000;63 - 1234-5678;atualizar_email@sefaz.to.gov.br
68;013.AGEATNRO;1;Agência de Atendimento de Nova Rosalândia;Secretaria da Fazenda;atualizar endereço;0;complemento do endereço;CENTRO;NOVA ROSALANDIA;TO;77495000;63 - 1234-5678;atualizar_email@sefaz.to.gov.br
69;013.AGEATNAC;1;Agência de Atendimento de Novo Acordo;Secretaria da Fazenda;atualizar endereço;0;complemento do endereço;CENTRO;NOVO ACORDO;TO;77001566;63 - 1234-5678;atualizar_email@sefaz.to.gov.br
70;013.AGEATNAL;1;Agência de Atendimento de Novo Alegre;Secretaria da Fazenda;atualizar endereço;0;complemento do endereço;CENTRO;NOVO ALEGRE;TO;77353000;63 - 1234-5678;atualizar_email@sefaz.to.gov.br
71;013.AGEATNJA;1;Agência de Atendimento de Novo Jardim;Secretaria da Fazenda;atualizar endereço;0;complemento do endereço;CENTRO;DIANOPOLIS;TO;77300000;63 - 1234-5678;atualizar_email@sefaz.to.gov.br
72;013.AGEATPAL;1;Agência de Atendimento de Palmas;Secretaria da Fazenda;atualizar endereço;0;complemento do endereço;CENTRO;PALMAS;TO;77019098;63 - 1234-5678;atualizar_email@sefaz.to.gov.br
73;013.AGEATPAT;1;Agência de Atendimento de Palmeiras do Tocantins;Secretaria da Fazenda;atualizar endereço;0;complemento do endereço;CENTRO;AGUIARNOPOLIS;TO;77908000;63 - 1234-5678;atualizar_email@sefaz.to.gov.br
74;013.AGEATPME;1;Agência de Atendimento de Palmeirópolis;Secretaria da Fazenda;atualizar endereço;0;complemento do endereço;CENTRO;PALMEIROPOLIS;TO;77365000;63 - 1234-5678;atualizar_email@sefaz.to.gov.br
75;013.AGEATPTO;1;Agência de Atendimento de Paraiso do Tocantins;Secretaria da Fazenda;atualizar endereço;0;complemento do endereço;CENTRO;PARAISO DO TOCANTINS;TO;77600000;63 - 1234-5678;atualizar_email@sefaz.to.gov.br
76;013.AGEATPAR;1;Agência de Atendimento de Paranã;Secretaria da Fazenda;atualizar endereço;0;complemento do endereço;CENTRO;PARANA;TO;77360000;63 - 1234-5678;atualizar_email@sefaz.to.gov.br
77;013.AGEATPDR;1;Agência de Atendimento de Pau D´arco;Secretaria da Fazenda;atualizar endereço;0;complemento do endereço;CENTRO;PAU DARCO;TO;77785000;63 - 1234-5678;atualizar_email@sefaz.to.gov.br
78;013.AGEATPEF;1;Agência de Atendimento de Pedro Afonso;Secretaria da Fazenda;atualizar endereço;0;complemento do endereço;CENTRO;GUARAI;TO;77700000;63 - 1234-5678;atualizar_email@sefaz.to.gov.br
79;013.AGEATPEI;1;Agência de Atendimento de Peixe;Secretaria da Fazenda;atualizar endereço;0;complemento do endereço;CENTRO;PEIXE;TO;77460000;63 - 1234-5678;atualizar_email@sefaz.to.gov.br
80;013.AGEATPEQ;1;Agência de Atendimento de Pequizeiro;Secretaria da Fazenda;atualizar endereço;0;complemento do endereço;CENTRO;PEQUIZEIRO;TO;77730000;63 - 1234-5678;atualizar_email@sefaz.to.gov.br
81;013.AGEATPIN;1;Agência de Atendimento de Pindorama do Tocantins;Secretaria da Fazenda;atualizar endereço;0;complemento do endereço;CENTRO;PINDORAMA DO TOCANTINS;TO;77380000;63 - 1234-5678;atualizar_email@sefaz.to.gov.br
82;013.AGEATPJB;1;Agência de Atendimento de Ponte Alta do Bom Jesus;Secretaria da Fazenda;atualizar endereço;0;complemento do endereço;CENTRO;PONTE ALTA DO BOM JESUS;TO;77315000;63 - 1234-5678;atualizar_email@sefaz.to.gov.br
83;013.AGEATPOT;1;Agência de Atendimento de Ponte Alta do Tocantins;Secretaria da Fazenda;atualizar endereço;0;complemento do endereço;CENTRO;PONTE ALTA DO TOCANTINS;TO;77590000;63 - 1234-5678;atualizar_email@sefaz.to.gov.br
84;013.AGEATPNA;1;Agência de Atendimento de Porto Nacional;Secretaria da Fazenda;atualizar endereço;0;complemento do endereço;CENTRO;PORTO NACIONAL;TO;77500000;63 - 1234-5678;atualizar_email@sefaz.to.gov.br
85;013.AGEATPRK;1;Agência de Atendimento de Presidente Kennedy;Secretaria da Fazenda;atualizar endereço;0;complemento do endereço;CENTRO;PRESIDENTE KENNEDY;TO;77745000;63 - 1234-5678;atualizar_email@sefaz.to.gov.br
86;013.AGEATPUG;1;Agência de Atendimento de Pugmil;Secretaria da Fazenda;atualizar endereço;0;complemento do endereço;CENTRO;PUGMIL;TO;77600000;63 - 1234-5678;atualizar_email@sefaz.to.gov.br
87;013.AGEATRIC;1;Agência de Atendimento de Riachinho;Secretaria da Fazenda;atualizar endereço;0;complemento do endereço;CENTRO;RIACHINHO;TO;77893000;63 - 1234-5678;atualizar_email@sefaz.to.gov.br
88;013.AGEATRBO;1;Agência de Atendimento de Rio dos Bois;Secretaria da Fazenda;atualizar endereço;0;complemento do endereço;CENTRO;RIO DOS BOIS;TO;77655000;63 - 1234-5678;atualizar_email@sefaz.to.gov.br
89;013.AGEATRSO;1;Agência de Atendimento de Rio Sono;Secretaria da Fazenda;atualizar endereço;0;complemento do endereço;CENTRO;RIO SONO;TO;77635000;63 - 1234-5678;atualizar_email@sefaz.to.gov.br
90;013.AGEATSAN;1;Agência de Atendimento de Sandolândia;Secretaria da Fazenda;atualizar endereço;0;complemento do endereço;CENTRO;SANDOLANDIA;TO;77478000;63 - 1234-5678;atualizar_email@sefaz.to.gov.br
91;013.AGEATSFE;1;Agência de Atendimento de Santa Fé do Araguaia;Secretaria da Fazenda;atualizar endereço;0;complemento do endereço;CENTRO;SANTA FE;TO;77823120;63 - 1234-5678;atualizar_email@sefaz.to.gov.br
92;013.AGEATSMA;1;Agência de Atendimento de Santa Maria do Tocantins;Secretaria da Fazenda;atualizar endereço;0;complemento do endereço;CENTRO;SANTA MARIA DO TOCANTINS;TO;77716000;63 - 1234-5678;atualizar_email@sefaz.to.gov.br
93;013.AGEATSRI;1;Agência de Atendimento de Santa Rita do Tocantins;Secretaria da Fazenda;atualizar endereço;0;complemento do endereço;CENTRO;SANTA RITA DO TOCANTINS;TO;77565000;63 - 1234-5678;atualizar_email@sefaz.to.gov.br
94;013.AGEATSRO;1;Agência de Atendimento de Santa Rosa do Tocantins;Secretaria da Fazenda;atualizar endereço;0;complemento do endereço;CENTRO;SANTA ROSA DO TOCANTINS;TO;77375000;63 - 1234-5678;atualizar_email@sefaz.to.gov.br
95;013.AGEATSBT;1;Agência de Atendimento de São Bento do Tocantins;Secretaria da Fazenda;atualizar endereço;0;complemento do endereço;CENTRO;SAO BENTO DO TOCANTINS;TO;77958000;63 - 1234-5678;atualizar_email@sefaz.to.gov.br
96;013.AGEATSMT;1;Agência de Atendimento de São Miguel do Tocantins;Secretaria da Fazenda;atualizar endereço;0;complemento do endereço;CENTRO;SAO MIGUEL;TO;77925000;63 - 1234-5678;atualizar_email@sefaz.to.gov.br
97;013.AGEATSIL;1;Agência de Atendimento de Silvanópolis;Secretaria da Fazenda;atualizar endereço;0;complemento do endereço;CENTRO;SILVANOPOLIS;TO;77580000;63 - 1234-5678;atualizar_email@sefaz.to.gov.br
98;013.AGEATSNT;1;Agência de Atendimento de Sitio Novo do Tocantins;Secretaria da Fazenda;atualizar endereço;0;complemento do endereço;CENTRO;SITIO NOVO;TO;77940000;63 - 1234-5678;atualizar_email@sefaz.to.gov.br
99;013.AGEATTAB;1;Agência de Atendimento de Tabocão;Secretaria da Fazenda;atualizar endereço;0;complemento do endereço;CENTRO;FORTALEZA DO TABOCAO;TO;77708000;63 - 1234-5678;atualizar_email@sefaz.to.gov.br
100;013.AGEATTAG;1;Agência de Atendimento de Taguatinga;Secretaria da Fazenda;atualizar endereço;0;complemento do endereço;CENTRO;TAGUATINGA;TO;77300000;63 - 1234-5678;atualizar_email@sefaz.to.gov.br
101;013.AGEATTAL;1;Agência de Atendimento de Talismã;Secretaria da Fazenda;atualizar endereço;0;complemento do endereço;CENTRO;TALISMA;TO;77483000;63 - 1234-5678;atualizar_email@sefaz.to.gov.br
102;013.AGEATTAQ;1;Agência de Atendimento de Taquaralto;Secretaria da Fazenda;atualizar endereço;0;complemento do endereço;CENTRO;PALMAS;TO;77001000;63 - 1234-5678;atualizar_email@sefaz.to.gov.br
103;013.AGEATTCN;1;Agência de Atendimento de Tocantínia;Secretaria da Fazenda;atualizar endereço;0;complemento do endereço;CENTRO;TOCANTINIA;TO;77640000;63 - 1234-5678;atualizar_email@sefaz.to.gov.br
104;013.AGEATTOC;1;Agência de Atendimento de Tocantinópolis;Secretaria da Fazenda;atualizar endereço;0;complemento do endereço;CENTRO;TOCANTINOPOLIS;TO;77900000;63 - 1234-5678;atualizar_email@sefaz.to.gov.br
105;013.AGEATTUP;1;Agência de Atendimento de Tupirama;Secretaria da Fazenda;atualizar endereço;0;complemento do endereço;CENTRO;TUPIRAMA;TO;77704000;63 - 1234-5678;atualizar_email@sefaz.to.gov.br
106;013.AGEATWND;1;Agência de Atendimento de Wanderlândia;Secretaria da Fazenda;atualizar endereço;0;complemento do endereço;CENTRO;WANDERLANDIA;TO;77860000;63 - 1234-5678;atualizar_email@sefaz.to.gov.br
107;013.AGEATXMB;1;Agência de Atendimento de Xambioá;Secretaria da Fazenda;atualizar endereço;0;complemento do endereço;CENTRO;XAMBIOA;TO;77880000;63 - 1234-5678;atualizar_email@sefaz.to.gov.br
108;013.AGEATMRT;1;Agência de Atendimento Marianópolis do Tocantins;Secretaria da Fazenda;atualizar endereço;0;complemento do endereço;CENTRO;MARIANOPOLIS DO TOCANTINS;TO;77675000;63 - 1234-5678;atualizar_email@sefaz.to.gov.br
109;013.AGEATSTT;1;Agência de Atendimento Santa Tereza do Tocantins;Secretaria da Fazenda;atualizar endereço;0;complemento do endereço;CENTRO;SANTA TEREZA DO TOCANTINS;TO;77615000;63 - 1234-5678;atualizar_email@sefaz.to.gov.br
110;013.AGEATSAV;1;Agência de Atendimento São Valério da Natividade;Secretaria da Fazenda;atualizar endereço;0;complemento do endereço;CENTRO;SAO VALERIO;TO;77390000;63 - 1234-5678;atualizar_email@sefaz.to.gov.br
111;013.AGECON;1;Agente de Contratação;Secretaria da Fazenda;atualizar endereço;0;complemento do endereço;CENTRO;PALMAS;TO;77021681;63 - 1234-5678;atualizar_email@sefaz.to.gov.br
112;013.ASAP;1;Assessoria de Análises e Pesquisas;Secretaria da Fazenda;atualizar endereço;0;complemento do endereço;CENTRO;PALMAS;TO;77021681;63 - 1234-5678;atualizar_email@sefaz.to.gov.br
113;013.ASGAB;1;Assessoria de Gabinete II - Gab do Secretário;Secretaria da Fazenda;atualizar endereço;0;complemento do endereço;CENTRO;PALMAS;TO;77020570;63 - 1234-5678;atualizar_email@sefaz.to.gov.br
114;013.ASGAB III;1;Assessoria de Gabinete III - Gab do Sec Ex Tesouro;Secretaria da Fazenda;atualizar endereço;0;complemento do endereço;CENTRO;PALMAS;TO;77006066;63 - 1234-5678;atualizar_email@sefaz.to.gov.br
115;013.ASGEST;1;Assessoria de Gestão Estratégica (PROFISCO);Secretaria da Fazenda;atualizar endereço;0;complemento do endereço;CENTRO;PALMAS;TO;77023366;63 - 1234-5678;atualizar_email@sefaz.to.gov.br
116;013.ASIP;1;Assessoria de Integração e Pesquisa;Secretaria da Fazenda;atualizar endereço;0;complemento do endereço;CENTRO;PALMAS;TO;77006586;63 - 1234-5678;atualizar_email@sefaz.to.gov.br
117;013.ASLAF;1;Assessoria de Laboratório Forense;Secretaria da Fazenda;atualizar endereço;0;complemento do endereço;CENTRO;PALMAS;TO;77001000;63 - 1234-5678;atualizar_email@sefaz.to.gov.br
118;013.ASPLA;1;Assessoria de Planejamento;Secretaria da Fazenda;atualizar endereço;0;complemento do endereço;CENTRO;PALMAS;TO;77015314;63 - 1234-5678;atualizar_email@sefaz.to.gov.br
119;013.ASPOT;1;Assessoria de Política Tributária;Secretaria da Fazenda;atualizar endereço;0;complemento do endereço;CENTRO;PALMAS;TO;77015223;63 - 1234-5678;atualizar_email@sefaz.to.gov.br
120;013.ASMED;1;Assessoria de Social Media e Design;Secretaria da Fazenda;atualizar endereço;0;complemento do endereço;CENTRO;PALMAS;TO;77001014;63 - 1234-5678;atualizar_email@sefaz.to.gov.br
121;013.ASCOM;1;Assessoria Econômica;Secretaria da Fazenda;atualizar endereço;0;complemento do endereço;CENTRO;PALMAS;TO;77003310;63 - 1234-5678;atualizar_email@sefaz.to.gov.br
122;013.ASJUR;1;Assessoria Jurídica;Secretaria da Fazenda;atualizar endereço;0;complemento do endereço;CENTRO;PALMAS;TO;77016072;63 - 1234-5678;atualizar_email@sefaz.to.gov.br
123;013.CEFIS;1;Central de Execuções Fiscais;Secretaria da Fazenda;atualizar endereço;0;complemento do endereço;CENTRO;PALMAS;TO;77001000;63 - 1234-5678;atualizar_email@sefaz.to.gov.br
124;013.CEFIS2;1;Central de Execuções Fiscais - Gurupi;Secretaria da Fazenda;atualizar endereço;0;complemento do endereço;CENTRO;GURUPI;TO;77440490;63 - 1234-5678;atualizar_email@sefaz.to.gov.br
125;013.CHASCOM;1;Chefia da Assessoria de Comunicação;Secretaria da Fazenda;atualizar endereço;0;complemento do endereço;CENTRO;PALMAS;TO;77018502;63 - 1234-5678;atualizar_email@sefaz.to.gov.br
126;013.CATF;1;Chefia da Assessoria Técnica Fazendária;Secretaria da Fazenda;atualizar endereço;0;complemento do endereço;CENTRO;PALMAS;TO;77270000;63 - 1234-5678;atualizar_email@sefaz.to.gov.br
127;013.CHECOM;1;Chefia de Assessoria de Comunicação;Secretaria da Fazenda;atualizar endereço;0;complemento do endereço;CENTRO;PALMAS;TO;77016352;63 - 1234-5678;atualizar_email@sefaz.to.gov.br
128;013.CAGEF;1;Chefia de Assessoria de Gestão dos Fundos;Secretaria da Fazenda;atualizar endereço;0;complemento do endereço;CENTRO;PALMAS;TO;77020494;63 - 1234-5678;atualizar_email@sefaz.to.gov.br
129;013.CRADALV;1;Coordenadoria Regional de Administração - Alvorada;Secretaria da Fazenda;atualizar endereço;0;complemento do endereço;CENTRO;ALVORADA;TO;77480000;63 - 1234-5678;atualizar_email@sefaz.to.gov.br
130;013.CRADARA;1;Coordenadoria Regional de Administração - Araguaína;Secretaria da Fazenda;atualizar endereço;0;complemento do endereço;CENTRO;ARAGUAINA;TO;77820220;63 - 1234-5678;atualizar_email@sefaz.to.gov.br
131;013.CRADAGI;1;Coordenadoria Regional de Administração - Araguatins;Secretaria da Fazenda;atualizar endereço;0;complemento do endereço;CENTRO;ARAGUATINS;TO;77950000;63 - 1234-5678;atualizar_email@sefaz.to.gov.br
132;013.CRADCOL;1;Coordenadoria Regional de Administração - Colinas;Secretaria da Fazenda;atualizar endereço;0;complemento do endereço;CENTRO;COLINAS DO TOCANTINS;TO;77760000;63 - 1234-5678;atualizar_email@sefaz.to.gov.br
133;013.CRF;1;Coordenadoria Regional de Administração - Gurupi;Secretaria da Fazenda;atualizar endereço;0;complemento do endereço;CENTRO;GURUPI;TO;77405160;63 - 1234-5678;atualizar_email@sefaz.to.gov.br
134;013.CRAMIRAC;1;Coordenadoria Regional de Administração - Miracema;Secretaria da Fazenda;atualizar endereço;0;complemento do endereço;CENTRO;MIRACEMA DO TOCANTINS;TO;77650000;63 - 1234-5678;atualizar_email@sefaz.to.gov.br
135;013.CRADPAL;1;Coordenadoria Regional de Administração - Palmas;Secretaria da Fazenda;atualizar endereço;0;complemento do endereço;CENTRO;PALMAS;TO;77270000;63 - 1234-5678;atualizar_email@sefaz.to.gov.br
136;013.CRADPTO;1;Coordenadoria Regional de Administração - Paraiso;Secretaria da Fazenda;atualizar endereço;0;complemento do endereço;CENTRO;PARAÍSO DO TOCANTINS;TO;77600000;63 - 1234-5678;atualizar_email@sefaz.to.gov.br
137;013.CRAPEDRA;1;Coordenadoria Regional de Administração - Pedro Afonso;Secretaria da Fazenda;atualizar endereço;0;complemento do endereço;CENTRO;PEDRO AFONSO;TO;77710000;63 - 1234-5678;atualizar_email@sefaz.to.gov.br
138;013.CRADPNA;1;Coordenadoria Regional de Administração - Porto Nacional;Secretaria da Fazenda;atualizar endereço;0;complemento do endereço;CENTRO;PORTO NACIONAL;TO;77500000;63 - 1234-5678;atualizar_email@sefaz.to.gov.br
139;013.CRADTAG;1;Coordenadoria Regional de Administração - Taguatinga;Secretaria da Fazenda;atualizar endereço;0;complemento do endereço;CENTRO;TAGUATINGA;TO;77320000;63 - 1234-5678;atualizar_email@sefaz.to.gov.br
140;013.CRADTOC;1;Coordenadoria Regional de Administração - Tocantinópolis;Secretaria da Fazenda;atualizar endereço;0;complemento do endereço;CENTRO;TOCANTINÓPOLIS;TO;77900000;63 - 1234-5678;atualizar_email@sefaz.to.gov.br
141;013.CRAALV;1;Coordenadoria Regional de Arrecadação - Alvorada;Secretaria da Fazenda;atualizar endereço;0;complemento do endereço;CENTRO;ALVORADA;TO;77365000;63 - 1234-5678;atualizar_email@sefaz.to.gov.br
142;013.CRAARA;1;Coordenadoria Regional de Arrecadação - Araguaína;Secretaria da Fazenda;atualizar endereço;0;complemento do endereço;CENTRO;ARAGUAINA;TO;77807080;63 - 1234-5678;atualizar_email@sefaz.to.gov.br
143;013.CRAAGUAT;1;Coordenadoria Regional de Arrecadação - Araguatins;Secretaria da Fazenda;atualizar endereço;0;complemento do endereço;CENTRO;ARAGUATINS;TO;77950000;63 - 1234-5678;atualizar_email@sefaz.to.gov.br
144;013.CRACOL;1;Coordenadoria Regional de Arrecadação - Colinas;Secretaria da Fazenda;atualizar endereço;0;complemento do endereço;CENTRO;COLINAS DO TOCANTINS;TO;77760000;63 - 1234-5678;atualizar_email@sefaz.to.gov.br
145;013.CRAGUR;1;Coordenadoria Regional de Arrecadação - Gurupi;Secretaria da Fazenda;atualizar endereço;0;complemento do endereço;CENTRO;GURUPI;TO;77400000;63 - 1234-5678;atualizar_email@sefaz.to.gov.br
146;013.CRAMIT;1;Coordenadoria Regional de Arrecadação - Miracema;Secretaria da Fazenda;atualizar endereço;0;complemento do endereço;CENTRO;MIRACEMA DO TOCANTINS;TO;77650000;63 - 1234-5678;atualizar_email@sefaz.to.gov.br
147;013.CRAPAL;1;Coordenadoria Regional de Arrecadação - Palmas;Secretaria da Fazenda;atualizar endereço;0;complemento do endereço;CENTRO;PALMAS;TO;77249899;63 - 1234-5678;atualizar_email@sefaz.to.gov.br
148;013.CRAPTO;1;Coordenadoria Regional de Arrecadação - Paraiso;Secretaria da Fazenda;atualizar endereço;0;complemento do endereço;CENTRO;PARAISO DO TOCANTINS;TO;77600000;63 - 1234-5678;atualizar_email@sefaz.to.gov.br
149;013.CRAPEA;1;Coordenadoria Regional de Arrecadação - Pedro Afonso;Secretaria da Fazenda;atualizar endereço;0;complemento do endereço;CENTRO;PEDRO AFONSO;TO;77710000;63 - 1234-5678;atualizar_email@sefaz.to.gov.br
150;013.CRAPEF;1;Coordenadoria Regional de Arrecadação - Porto Nacional;Secretaria da Fazenda;atualizar endereço;0;complemento do endereço;CENTRO;PORTO NACIONAL;TO;77500000;63 - 1234-5678;atualizar_email@sefaz.to.gov.br
151;013.CRATAG;1;Coordenadoria Regional de Arrecadação - Taguatinga;Secretaria da Fazenda;atualizar endereço;0;complemento do endereço;CENTRO;TAGUATINGA;TO;77320000;63 - 1234-5678;atualizar_email@sefaz.to.gov.br
152;013.CRATOC;1;Coordenadoria Regional de Arrecadação - Tocantinópolis;Secretaria da Fazenda;atualizar endereço;0;complemento do endereço;CENTRO;TOCANTINOPOLIS;TO;77900000;63 - 1234-5678;atualizar_email@sefaz.to.gov.br
153;013.CRFALV;1;Coordenadoria Regional de Fiscalização - Alvorada;Secretaria da Fazenda;atualizar endereço;0;complemento do endereço;CENTRO;ALVORADA;TO;77480000;63 - 1234-5678;atualizar_email@sefaz.to.gov.br
154;013.CRFARA;1;Coordenadoria Regional de Fiscalização - Araguaína;Secretaria da Fazenda;atualizar endereço;0;complemento do endereço;CENTRO;ARAGUAINA;TO;77818180;63 - 1234-5678;atualizar_email@sefaz.to.gov.br
155;013.CRFAGI;1;Coordenadoria Regional de Fiscalização - Araguatins;Secretaria da Fazenda;atualizar endereço;0;complemento do endereço;CENTRO;ARAGUATINS;TO;77950000;63 - 1234-5678;atualizar_email@sefaz.to.gov.br
156;013.CRFCOL;1;Coordenadoria Regional de Fiscalização - Colinas;Secretaria da Fazenda;atualizar endereço;0;complemento do endereço;CENTRO;COLINAS DO TOCANTINS;TO;77760000;63 - 1234-5678;atualizar_email@sefaz.to.gov.br
157;013.CRFGUR;1;Coordenadoria Regional de Fiscalização - Gurupi;Secretaria da Fazenda;atualizar endereço;0;complemento do endereço;CENTRO;GURUPI;TO;77410470;63 - 1234-5678;atualizar_email@sefaz.to.gov.br
158;013.CRFMIT;1;Coordenadoria Regional de Fiscalização - Miracema;Secretaria da Fazenda;atualizar endereço;0;complemento do endereço;CENTRO;MIRACEMA DO TOCANTINS;TO;77660000;63 - 1234-5678;atualizar_email@sefaz.to.gov.br
159;013.CRFPAL;1;Coordenadoria Regional de Fiscalização - Palmas;Secretaria da Fazenda;atualizar endereço;0;complemento do endereço;CENTRO;PALMAS;TO;77021686;63 - 1234-5678;atualizar_email@sefaz.to.gov.br
160;013.CRFPTO;1;Coordenadoria Regional de Fiscalização - Paraiso;Secretaria da Fazenda;atualizar endereço;0;complemento do endereço;CENTRO;PEDRO AFONSO;TO;77600000;63 - 1234-5678;atualizar_email@sefaz.to.gov.br
161;013.CRFPEF;1;Coordenadoria Regional de Fiscalização - Pedro Afonso;Secretaria da Fazenda;atualizar endereço;0;complemento do endereço;CENTRO;PALMAS;TO;77000001;63 - 1234-5678;atualizar_email@sefaz.to.gov.br
162;013.CRFPNA;1;Coordenadoria Regional de Fiscalização - Porto Nacional;Secretaria da Fazenda;atualizar endereço;0;complemento do endereço;CENTRO;PORTO NACIONAL;TO;77500000;63 - 1234-5678;atualizar_email@sefaz.to.gov.br
163;013.CRFTAG;1;Coordenadoria Regional de Fiscalização - Taguatinga;Secretaria da Fazenda;atualizar endereço;0;complemento do endereço;CENTRO;TAGUATINGA;TO;77320000;63 - 1234-5678;atualizar_email@sefaz.to.gov.br
164;013.CRFTOC;1;Coordenadoria Regional de Fiscalização - Tocantinópolis;Secretaria da Fazenda;atualizar endereço;0;complemento do endereço;CENTRO;TOCANTINÓPOLIS;TO;77900000;63 - 1234-5678;atualizar_email@sefaz.to.gov.br
165;013.COFAZ;1;Corregedoria Fazendária;Secretaria da Fazenda;atualizar endereço;0;complemento do endereço;CENTRO;PALMAS;TO;77016418;63 - 1234-5678;atualizar_email@sefaz.to.gov.br
166;013.DRREAT;1;Delegacia Regional de Fiscalização - Alvorada;Secretaria da Fazenda;atualizar endereço;0;complemento do endereço;CENTRO;ALVORADA;TO;75084220;63 - 1234-5678;atualizar_email@sefaz.to.gov.br
167;013.DRFARA;1;Delegacia Regional de Fiscalização - Araguaína;Secretaria da Fazenda;atualizar endereço;0;complemento do endereço;CENTRO;ARAGUAINA;TO;77803030;63 - 1234-5678;atualizar_email@sefaz.to.gov.br
168;013.DRFAGI;1;Delegacia Regional de Fiscalização - Araguatins;Secretaria da Fazenda;atualizar endereço;0;complemento do endereço;CENTRO;ARAGUATINS;TO;77800000;63 - 1234-5678;atualizar_email@sefaz.to.gov.br
169;013.DRRECT;1;Delegacia Regional de Fiscalização - Colinas do Tocantins;Secretaria da Fazenda;atualizar endereço;0;complemento do endereço;CENTRO;COLINAS DO TOCANTINS;TO;77760000;63 - 1234-5678;atualizar_email@sefaz.to.gov.br
170;013.DRREG;1;Delegacia Regional de Fiscalização - Gurupi;Secretaria da Fazenda;atualizar endereço;0;complemento do endereço;CENTRO;GURUPI;TO;77402040;63 - 1234-5678;atualizar_email@sefaz.to.gov.br
171;013.DRFMIT;1;Delegacia Regional de Fiscalização - Miracema;Secretaria da Fazenda;atualizar endereço;0;complemento do endereço;CENTRO;MIRACEMA DO TOCANTINS;TO;77650000;63 - 1234-5678;atualizar_email@sefaz.to.gov.br
172;013.DRFPAL;1;Delegacia Regional de Fiscalização - Palmas;Secretaria da Fazenda;atualizar endereço;0;complemento do endereço;CENTRO;PALMAS;TO;77001250;63 - 1234-5678;atualizar_email@sefaz.to.gov.br
173;013.DRFPTO;1;Delegacia Regional de Fiscalização - Paraiso;Secretaria da Fazenda;atualizar endereço;0;complemento do endereço;CENTRO;PARAISO DO TOCANTINS;TO;77500000;63 - 1234-5678;atualizar_email@sefaz.to.gov.br
174;013.DRREPA;1;Delegacia Regional de Fiscalização - Pedro Afonso;Secretaria da Fazenda;atualizar endereço;0;complemento do endereço;CENTRO;PEDRO AFONSO;TO;77710000;63 - 1234-5678;atualizar_email@sefaz.to.gov.br
175;013.DRFPNA;1;Delegacia Regional de Fiscalização - Porto Nacional;Secretaria da Fazenda;atualizar endereço;0;complemento do endereço;CENTRO;PORTO NACIONAL;TO;77500000;63 - 1234-5678;atualizar_email@sefaz.to.gov.br
176;013.DRRET;1;Delegacia Regional de Fiscalização - Taguatinga;Secretaria da Fazenda;atualizar endereço;0;complemento do endereço;CENTRO;TAGUATINGA;TO;77320000;63 - 1234-5678;atualizar_email@sefaz.to.gov.br
177;013.DRRET2;1;Delegacia Regional de Fiscalização - Tocantinopolis;Secretaria da Fazenda;atualizar endereço;0;complemento do endereço;CENTRO;ARAGUAINA;TO;77823015;63 - 1234-5678;atualizar_email@sefaz.to.gov.br
178;013.DICREFIS;1;Diretoria da Cobrança e Recup de Créditos Fiscais;Secretaria da Fazenda;atualizar endereço;0;complemento do endereço;CENTRO;PALMAS;TO;77062048;63 - 1234-5678;atualizar_email@sefaz.to.gov.br
179;013.DIEFAZ;1;Diretoria da Escola Fazendária;Secretaria da Fazenda;atualizar endereço;0;complemento do endereço;CENTRO;PALMAS;TO;77024690;63 - 1234-5678;atualizar_email@sefaz.to.gov.br
180;013.DIREC;1;Diretoria da Receita;Secretaria da Fazenda;atualizar endereço;0;complemento do endereço;CENTRO;PALMAS;TO;77023384;63 - 1234-5678;atualizar_email@sefaz.to.gov.br
181;013.DIANP;1;Diretoria de Acomp, Normas e Procedimentos;Secretaria da Fazenda;atualizar endereço;0;complemento do endereço;CENTRO;PALMAS;TO;77006450;63 - 1234-5678;atualizar_email@sefaz.to.gov.br
182;013.DAJUC;1;Diretoria de Acompanhamento Judicial-Criminal;Secretaria da Fazenda;atualizar endereço;0;complemento do endereço;CENTRO;PALMAS;TO;75096300;63 - 1234-5678;atualizar_email@sefaz.to.gov.br
183;013.DAF;1;Diretoria de Administração e Finanças;Secretaria da Fazenda;atualizar endereço;0;complemento do endereço;CENTRO;PALMAS;TO;77021070;63 - 1234-5678;atualizar_email@sefaz.to.gov.br
184;013.DAMIJU;1;Diretoria de Aval e Mitig de Impa de Dema Judicial;Secretaria da Fazenda;atualizar endereço;0;complemento do endereço;CENTRO;PALMAS;TO;77006356;63 - 1234-5678;atualizar_email@sefaz.to.gov.br
185;013.DICOM;1;Diretoria de Compras;Secretaria da Fazenda;atualizar endereço;0;complemento do endereço;CENTRO;PALMAS;TO;77001000;63 - 1234-5678;atualizar_email@sefaz.to.gov.br
186;013.DICONTS;1;Diretoria de Contabilidade Setorial;Secretaria da Fazenda;atualizar endereço;0;complemento do endereço;CENTRO;PALMAS;TO;77059032;63 - 1234-5678;atualizar_email@sefaz.to.gov.br
187;013.DICUS;1;Diretoria de Custos;Secretaria da Fazenda;atualizar endereço;0;complemento do endereço;CENTRO;PALMAS;TO;77015471;63 - 1234-5678;atualizar_email@sefaz.to.gov.br
188;013.DIDEC;1;Diretoria de Demonstrações Contábeis;Secretaria da Fazenda;atualizar endereço;0;complemento do endereço;CENTRO;PALMAS;TO;77015585;63 - 1234-5678;atualizar_email@sefaz.to.gov.br
189;013.DIREXEFIN;1;Diretoria de Execução Financeira;Secretaria da Fazenda;atualizar endereço;0;complemento do endereço;CENTRO;PALMAS;TO;77001877;63 - 1234-5678;atualizar_email@sefaz.to.gov.br
190;013.DIGEP;1;Diretoria de Gestão de Pessoas;Secretaria da Fazenda;atualizar endereço;0;complemento do endereço;CENTRO;PALMAS;TO;77015426;63 - 1234-5678;atualizar_email@sefaz.to.gov.br
191;013.DIGECE;1;Diretoria de Gestão do Caixa Estadual;Secretaria da Fazenda;atualizar endereço;0;complemento do endereço;CENTRO;PALMAS;TO;77019516;63 - 1234-5678;atualizar_email@sefaz.to.gov.br
192;013.DIGCON;1;Diretoria de Grandes Contribuintes;Secretaria da Fazenda;atualizar endereço;0;complemento do endereço;CENTRO;PALMAS;TO;77060158;63 - 1234-5678;atualizar_email@sefaz.to.gov.br
193;013.DINFIS;1;Diretoria de Informações Econômicas e Fiscais;Secretaria da Fazenda;atualizar endereço;0;complemento do endereço;CENTRO;PALMAS;TO;77021600;63 - 1234-5678;atualizar_email@sefaz.to.gov.br
194;013.DINFRA;1;Diretoria de Infraestrutura;Secretaria da Fazenda;atualizar endereço;0;complemento do endereço;CENTRO;PALMAS;TO;77001000;63 - 1234-5678;atualizar_email@sefaz.to.gov.br
195;013.DIN;1;Diretoria de Inovação;Secretaria da Fazenda;atualizar endereço;0;complemento do endereço;CENTRO;PALMAS;TO;77760000;63 - 1234-5678;atualizar_email@sefaz.to.gov.br
196;013.DIF;1;Diretoria de Inteligência Fiscal;Secretaria da Fazenda;atualizar endereço;0;complemento do endereço;CENTRO;PALMAS;TO;77020072;63 - 1234-5678;atualizar_email@sefaz.to.gov.br
197;013.DILIC;1;Diretoria de Licitação;Secretaria da Fazenda;atualizar endereço;0;complemento do endereço;CENTRO;PALMAS;TO;77002011;63 - 1234-5678;atualizar_email@sefaz.to.gov.br
198;013.DIRESF;1;Diretoria de Responsabilidade Fiscal;Secretaria da Fazenda;atualizar endereço;0;complemento do endereço;CENTRO;PALMAS;TO;77066024;63 - 1234-5678;atualizar_email@sefaz.to.gov.br
199;013.DICORP;1;Diretoria de Sistemas Corporativos;Secretaria da Fazenda;atualizar endereço;0;complemento do endereço;CENTRO;PALMAS;TO;77006572;63 - 1234-5678;atualizar_email@sefaz.to.gov.br
200;013.DITRIB;1;Diretoria de Tributação;Secretaria da Fazenda;atualizar endereço;0;complemento do endereço;CENTRO;PALMAS;TO;77016424;63 - 1234-5678;atualizar_email@sefaz.to.gov.br
201;013.DIGET;1;Diretoria Geral de Gestão Tecnológica;Secretaria da Fazenda;atualizar endereço;0;complemento do endereço;CENTRO;PALMAS;TO;77015264;63 - 1234-5678;atualizar_email@sefaz.to.gov.br
202;013.GABSEC;1;Gabinete do Secretário;Secretaria da Fazenda;atualizar endereço;0;complemento do endereço;CENTRO;PALMAS;TO;77023594;63 - 1234-5678;atualizar_email@sefaz.to.gov.br
203;013.GASEGT;1;Gabinete do Secretário Exec de Gestão Tributária;Secretaria da Fazenda;atualizar endereço;0;complemento do endereço;CENTRO;PALMAS;TO;77001000;63 - 1234-5678;atualizar_email@sefaz.to.gov.br
204;013.GABSEXT;1;Gabinete do Secretario Executivo do Tesouro;Secretaria da Fazenda;atualizar endereço;0;complemento do endereço;CENTRO;PALMAS;TO;77023567;63 - 1234-5678;atualizar_email@sefaz.to.gov.br
205;013.GEDIAT;1;Gerência da Dívida Ativa;Secretaria da Fazenda;atualizar endereço;0;complemento do endereço;CENTRO;PALMAS;TO;77006399;63 - 1234-5678;atualizar_email@sefaz.to.gov.br
206;013.GESICAP;1;Gerência de Acomp  do SICAP Contábil;Secretaria da Fazenda;atualizar endereço;0;complemento do endereço;CENTRO;PALMAS;TO;77015642;63 - 1234-5678;atualizar_email@sefaz.to.gov.br
207;013.GEACONT;1;Gerência de Acomp Contábil das Unidades Setoriais;Secretaria da Fazenda;atualizar endereço;0;complemento do endereço;CENTRO;PALMAS;TO;77015704;63 - 1234-5678;atualizar_email@sefaz.to.gov.br
208;013.GEASC;1;Gerência de Acomp do Sist Contábil Financeiro;Secretaria da Fazenda;atualizar endereço;0;complemento do endereço;CENTRO;PALMAS;TO;77022372;63 - 1234-5678;atualizar_email@sefaz.to.gov.br
209;013.GEALOG;1;Gerência de Administração e Logística;Secretaria da Fazenda;atualizar endereço;0;complemento do endereço;CENTRO;PALMAS;TO;77024120;63 - 1234-5678;atualizar_email@sefaz.to.gov.br
210;013.GEALMO;1;Gerência de Almoxarifado;Secretaria da Fazenda;atualizar endereço;0;complemento do endereço;CENTRO;PALMAS;TO;77500000;63 - 1234-5678;atualizar_email@sefaz.to.gov.br
211;013.GEAPRO;1;Gerência de Análise Processual;Secretaria da Fazenda;atualizar endereço;0;complemento do endereço;CENTRO;PALMAS;TO;77006086;63 - 1234-5678;atualizar_email@sefaz.to.gov.br
212;013.GEAPO;1;Gerência de Apoio;Secretaria da Fazenda;atualizar endereço;0;complemento do endereço;CENTRO;PALMAS;TO;77019427;63 - 1234-5678;atualizar_email@sefaz.to.gov.br
213;013.GEAR;1;Gerência de Arrecadação;Secretaria da Fazenda;atualizar endereço;0;complemento do endereço;CENTRO;PALMAS;TO;77022012;63 - 1234-5678;atualizar_email@sefaz.to.gov.br
214;013.GEAUFIS;1;Gerência de Automação Fiscal;Secretaria da Fazenda;atualizar endereço;0;complemento do endereço;CENTRO;PALMAS;TO;77015710;63 - 1234-5678;atualizar_email@sefaz.to.gov.br
215;013.GEBAD;1;Gerência de Banco de Dados;Secretaria da Fazenda;atualizar endereço;0;complemento do endereço;CENTRO;PALMAS;TO;77006500;63 - 1234-5678;atualizar_email@sefaz.to.gov.br
216;013.GEBEFI;1;Gerência de Benefícios Fiscais;Secretaria da Fazenda;atualizar endereço;0;complemento do endereço;CENTRO;PALMAS;TO;77022392;63 - 1234-5678;atualizar_email@sefaz.to.gov.br
217;013.GECAD;1;Gerência de Cadastro;Secretaria da Fazenda;atualizar endereço;0;complemento do endereço;CENTRO;PALMAS;TO;77006070;63 - 1234-5678;atualizar_email@sefaz.to.gov.br
218;013.GERCOBR;1;Gerência de Cobrança;Secretaria da Fazenda;atualizar endereço;0;complemento do endereço;CENTRO;PINDORAMA DO TOCANTINS;TO;77380000;63 - 1234-5678;atualizar_email@sefaz.to.gov.br
219;013.GECOM;1;Gerência de Compras;Secretaria da Fazenda;atualizar endereço;0;complemento do endereço;CENTRO;PALMAS;TO;77020086;63 - 1234-5678;atualizar_email@sefaz.to.gov.br
220;013.GECAS;1;Gerência de Controle de Acesso ao Siafe;Secretaria da Fazenda;atualizar endereço;0;complemento do endereço;CENTRO;PALMAS;TO;77006508;63 - 1234-5678;atualizar_email@sefaz.to.gov.br
221;013.GEARPRO;1;Gerência de Controle e Acomp de Processos;Secretaria da Fazenda;atualizar endereço;0;complemento do endereço;CENTRO;PORTO NACIONAL;TO;77502000;63 - 1234-5678;atualizar_email@sefaz.to.gov.br
222;013.GECEC-TO;1;Gerência de Cotação Eletrônica - Compras-TO;Secretaria da Fazenda;atualizar endereço;0;complemento do endereço;CENTRO;PALMAS;TO;77022048;63 - 1234-5678;atualizar_email@sefaz.to.gov.br
223;013.GEDENT;1;Gerência de Débitos não Tributários;Secretaria da Fazenda;atualizar endereço;0;complemento do endereço;CENTRO;PALMAS;TO;77001000;63 - 1234-5678;atualizar_email@sefaz.to.gov.br
224;013.GEDEC;1;Gerência de Demonstrações Contábeis;Secretaria da Fazenda;atualizar endereço;0;complemento do endereço;CENTRO;PALMAS;TO;77019020;63 - 1234-5678;atualizar_email@sefaz.to.gov.br
225;013.GEFOR;1;Gerência de e-Fornecedores;Secretaria da Fazenda;atualizar endereço;0;complemento do endereço;CENTRO;PALMAS;TO;77023032;63 - 1234-5678;atualizar_email@sefaz.to.gov.br
226;013.GELDFIS;1;Gerência de Elaboração de Demons Fiscais;Secretaria da Fazenda;atualizar endereço;0;complemento do endereço;CENTRO;PALMAS;TO;77001000;63 - 1234-5678;atualizar_email@sefaz.to.gov.br
227;013.GELED;1;Gerência de Elaboração de Editais;Secretaria da Fazenda;atualizar endereço;0;complemento do endereço;CENTRO;PALMAS;TO;77015630;63 - 1234-5678;atualizar_email@sefaz.to.gov.br
228;013.GEORF;1;Gerência de Execução Orçamentária e Financeira;Secretaria da Fazenda;atualizar endereço;0;complemento do endereço;CENTRO;PALMAS;TO;77023526;63 - 1234-5678;atualizar_email@sefaz.to.gov.br
229;013.GEFISTRA;1;Gerência de Fisc de Trânsito e Postos Fiscais;Secretaria da Fazenda;atualizar endereço;0;complemento do endereço;CENTRO;PALMAS;TO;77001000;63 - 1234-5678;atualizar_email@sefaz.to.gov.br
230;013.GEFISEST;1;Gerência de Fiscalização de Estabelecimentos;Secretaria da Fazenda;atualizar endereço;0;complemento do endereço;CENTRO;PALMAS;TO;77021681;63 - 1234-5678;atualizar_email@sefaz.to.gov.br
231;013.GEIMC;1;Gerência de Implantação de Custos;Secretaria da Fazenda;atualizar endereço;0;complemento do endereço;CENTRO;PALMAS;TO;77001000;63 - 1234-5678;atualizar_email@sefaz.to.gov.br
232;013.GIRC;1;Gerência de Implementação de Rotinas Contábeis;Secretaria da Fazenda;atualizar endereço;0;complemento do endereço;CENTRO;PALMAS;TO;77019427;63 - 1234-5678;atualizar_email@sefaz.to.gov.br
233;013.GEINFEC;1;Gerência de Informações Econômico-Fiscais;Secretaria da Fazenda;atualizar endereço;0;complemento do endereço;CENTRO;PALMAS;TO;77015625;63 - 1234-5678;atualizar_email@sefaz.to.gov.br
234;013.GEIPLE;1;Gerência de IPVA e Leilões;Secretaria da Fazenda;atualizar endereço;0;complemento do endereço;CENTRO;PALMAS;TO;77022076;63 - 1234-5678;atualizar_email@sefaz.to.gov.br
235;013.GITCMD;1;Gerência de ITCMD;Secretaria da Fazenda;atualizar endereço;0;complemento do endereço;CENTRO;PALMAS;TO;77001724;63 - 1234-5678;atualizar_email@sefaz.to.gov.br
236;013.GEINFAZ;1;Gerência de Monitoramento e Insp Adm Fazendária;Secretaria da Fazenda;atualizar endereço;0;complemento do endereço;CENTRO;PALMAS;TO;77016352;63 - 1234-5678;atualizar_email@sefaz.to.gov.br
237;013.GENAC;1;Gerência de Normas para a apuração de Custos;Secretaria da Fazenda;atualizar endereço;0;complemento do endereço;CENTRO;PALMAS;TO;77002026;63 - 1234-5678;atualizar_email@sefaz.to.gov.br
238;013.GENOR;1;Gerência de Normatização;Secretaria da Fazenda;atualizar endereço;0;complemento do endereço;CENTRO;PALMAS;TO;77020116;63 - 1234-5678;atualizar_email@sefaz.to.gov.br
239;013.GENOCON;1;Gerência de Normatização Contábil;Secretaria da Fazenda;atualizar endereço;0;complemento do endereço;CENTRO;PALMAS;TO;77006070;63 - 1234-5678;atualizar_email@sefaz.to.gov.br
240;013.GEPFI;1;Gerência de Planejamento Financeiro;Secretaria da Fazenda;atualizar endereço;0;complemento do endereço;CENTRO;PALMAS;TO;77064544;63 - 1234-5678;atualizar_email@sefaz.to.gov.br
241;013.GEPROC;1;Gerência de Processos e Procedimentos;Secretaria da Fazenda;atualizar endereço;0;complemento do endereço;CENTRO;PALMAS;TO;77015278;63 - 1234-5678;atualizar_email@sefaz.to.gov.br
242;013.GECAED;1;Gerência de Programação, Capacit e Educação;Secretaria da Fazenda;atualizar endereço;0;complemento do endereço;CENTRO;PALMAS;TO;77024506;63 - 1234-5678;atualizar_email@sefaz.to.gov.br
243;013.GERCOM;1;Gerência de Redes e Comunicação;Secretaria da Fazenda;atualizar endereço;0;complemento do endereço;CENTRO;PALMAS;TO;77006794;63 - 1234-5678;atualizar_email@sefaz.to.gov.br
244;013.GESDI;1;Gerência de Segurança Digital;Secretaria da Fazenda;atualizar endereço;0;complemento do endereço;CENTRO;PALMAS;TO;77016746;63 - 1234-5678;atualizar_email@sefaz.to.gov.br
245;013.GESDAT;1;Gerência de Servidores e Data Center;Secretaria da Fazenda;atualizar endereço;0;complemento do endereço;CENTRO;PALMAS;TO;77001564;63 - 1234-5678;atualizar_email@sefaz.to.gov.br
246;013.GESFIN;1;Gerência de Sistemas Financeiros;Secretaria da Fazenda;atualizar endereço;0;complemento do endereço;CENTRO;PALMAS;TO;77022372;63 - 1234-5678;atualizar_email@sefaz.to.gov.br
247;013.GESITRI;1;Gerência de Sistemas Tributários;Secretaria da Fazenda;atualizar endereço;0;complemento do endereço;CENTRO;PALMAS;TO;77006268;63 - 1234-5678;atualizar_email@sefaz.to.gov.br
248;013.GESUT;1;Gerência de Substituição Tributária;Secretaria da Fazenda;atualizar endereço;0;complemento do endereço;CENTRO;PALMAS;TO;77021600;63 - 1234-5678;atualizar_email@sefaz.to.gov.br
249;013.GESOP;1;Gerência de Suporte e Operações;Secretaria da Fazenda;atualizar endereço;0;complemento do endereço;CENTRO;PALMAS;TO;77006427;63 - 1234-5678;atualizar_email@sefaz.to.gov.br
250;013.GETHO;1;Gerência de Testes e Homologação;Secretaria da Fazenda;atualizar endereço;0;complemento do endereço;CENTRO;PALMAS;TO;77060034;63 - 1234-5678;atualizar_email@sefaz.to.gov.br
251;013.GETRANS;1;Gerência de Transporte;Secretaria da Fazenda;atualizar endereço;0;complemento do endereço;CENTRO;PALMAS;TO;77006742;63 - 1234-5678;atualizar_email@sefaz.to.gov.br
252;013.GETEC;1;Gerência de Tribut de Energia e Comunicação;Secretaria da Fazenda;atualizar endereço;0;complemento do endereço;CENTRO;PALMAS;TO;77020558;63 - 1234-5678;atualizar_email@sefaz.to.gov.br
253;013.GETC;1;Gerência de Tributação de Combustível;Secretaria da Fazenda;atualizar endereço;0;complemento do endereço;CENTRO;PALMAS;TO;77015318;63 - 1234-5678;atualizar_email@sefaz.to.gov.br
254;013.GETACE;1;Gerência de Tributação do Agron e Com Exterior;Secretaria da Fazenda;atualizar endereço;0;complemento do endereço;CENTRO;PALMAS;TO;77023407;63 - 1234-5678;atualizar_email@sefaz.to.gov.br
255;013.GEGADM;1;Gerência Geral de Administração;Secretaria da Fazenda;atualizar endereço;0;complemento do endereço;CENTRO;PALMAS;TO;77249899;63 - 1234-5678;atualizar_email@sefaz.to.gov.br
256;013.MCPPDS;1;Membro Com P Proc Disc Sindicâncias e Revisão;Secretaria da Fazenda;atualizar endereço;0;complemento do endereço;CENTRO;PALMAS;TO;77020502;63 - 1234-5678;atualizar_email@sefaz.to.gov.br
257;013.OUVFA;1;Ouvidoria Fazendária;Secretaria da Fazenda;atualizar endereço;0;complemento do endereço;CENTRO;PALMAS;TO;77006128;63 - 1234-5678;atualizar_email@sefaz.to.gov.br
258;013.POSFISBAL;1;Posto Fiscal - Balsa;Secretaria da Fazenda;atualizar endereço;0;complemento do endereço;CENTRO;TOCANTINOPOLIS;TO;77900000;63 - 1234-5678;atualizar_email@sefaz.to.gov.br
259;013.POFIBEVI;1;Posto Fiscal - Bela Vista;Secretaria da Fazenda;atualizar endereço;0;complemento do endereço;CENTRO;SAO MIGUEL DO TOCANTINS;TO;77925000;63 - 1234-5678;atualizar_email@sefaz.to.gov.br
260;013.POFIBEI;1;Posto Fiscal - Bezerra I;Secretaria da Fazenda;atualizar endereço;0;complemento do endereço;CENTRO;ARRAIAS;TO;77330000;63 - 1234-5678;atualizar_email@sefaz.to.gov.br
261;013.POSFISCAS;1;Posto Fiscal - Caseara;Secretaria da Fazenda;atualizar endereço;0;complemento do endereço;CENTRO;CASEARA;TO;77680000;63 - 1234-5678;atualizar_email@sefaz.to.gov.br
262;013.POFICOMA;1;Posto Fiscal - Couto Magalhaes;Secretaria da Fazenda;atualizar endereço;0;complemento do endereço;CENTRO;COUTO MAGALHAES;TO;77750000;63 - 1234-5678;atualizar_email@sefaz.to.gov.br
263;013.POFIDUPO;1;Posto Fiscal - Duas Pontes;Secretaria da Fazenda;atualizar endereço;0;complemento do endereço;CENTRO;TAGUATINGA;TO;77320000;63 - 1234-5678;atualizar_email@sefaz.to.gov.br
264;013.POSFISEST;1;Posto Fiscal - Estreito;Secretaria da Fazenda;atualizar endereço;0;complemento do endereço;CENTRO;AGUIARNOPOLIS;TO;77908-000;63 - 1234-5678;atualizar_email@sefaz.to.gov.br
265;013.POSFISFIL;1;Posto Fiscal - Filadelfia;Secretaria da Fazenda;atualizar endereço;0;complemento do endereço;CENTRO;FILADELFIA;TO;77795000;63 - 1234-5678;atualizar_email@sefaz.to.gov.br
266;013.POFIJATO;1;Posto Fiscal - Jau do Tocantins;Secretaria da Fazenda;atualizar endereço;0;complemento do endereço;CENTRO;JAU DO TOCANTINS;TO;77450000;63 - 1234-5678;atualizar_email@sefaz.to.gov.br
267;013.POSFISLEV;1;Posto Fiscal - Levantado;Secretaria da Fazenda;atualizar endereço;0;complemento do endereço;CENTRO;TAGUATINGA;TO;77320000;63 - 1234-5678;atualizar_email@sefaz.to.gov.br
268;013.POFINOAL;1;Posto Fiscal - Novo Alegre;Secretaria da Fazenda;atualizar endereço;0;complemento do endereço;CENTRO;NOVO ALEGRE;TO;77353000;63 - 1234-5678;atualizar_email@sefaz.to.gov.br
269;013.POFIPADA;1;Posto Fiscal - Pau Darco;Secretaria da Fazenda;atualizar endereço;0;complemento do endereço;CENTRO;PAU DARCO;TO;77785000;63 - 1234-5678;atualizar_email@sefaz.to.gov.br
270;013.POFISEGE;1;Posto Fiscal - Serra Geral;Secretaria da Fazenda;atualizar endereço;0;complemento do endereço;CENTRO;TAGUATINGA;TO;77320000;63 - 1234-5678;atualizar_email@sefaz.to.gov.br
271;013.POSFISTAL;1;Posto Fiscal - Talisma;Secretaria da Fazenda;atualizar endereço;0;complemento do endereço;CENTRO;TALISMA;TO;77483000;63 - 1234-5678;atualizar_email@sefaz.to.gov.br
272;013.POSFISTRA;1;Posto Fiscal - Transamazonica;Secretaria da Fazenda;atualizar endereço;0;complemento do endereço;CENTRO;AUGUSTINOPOLIS;TO;77960000;63 - 1234-5678;atualizar_email@sefaz.to.gov.br
273;013.PRESCONT;1;Presidência do Contencioso Adm Tributário;Secretaria da Fazenda;atualizar endereço;0;complemento do endereço;CENTRO;PALMAS;TO;77022392;63 - 1234-5678;atualizar_email@sefaz.to.gov.br
274;013.PCPPDS;1;Presidente Com P Proc Disc Sindicâncias e Revisão;Secretaria da Fazenda;atualizar endereço;0;complemento do endereço;CENTRO;PALMAS;TO;77015433;63 - 1234-5678;atualizar_email@sefaz.to.gov.br
275;013.SEGER2;1;Secretaria-Geral;Secretaria da Fazenda;atualizar endereço;0;complemento do endereço;CENTRO;PALMAS;TO;77022432;63 - 1234-5678;atualizar_email@sefaz.to.gov.br
276;013.SAF;1;Superintendência de Administração e Finanças;Secretaria da Fazenda;atualizar endereço;0;complemento do endereço;CENTRO;PALMAS;TO;77020556;63 - 1234-5678;atualizar_email@sefaz.to.gov.br
277;013.SUATRI;1;Superintendência de Administração Tributária;Secretaria da Fazenda;atualizar endereço;0;complemento do endereço;CENTRO;PALMAS;TO;77001014;63 - 1234-5678;atualizar_email@sefaz.to.gov.br
278;013.SUASJUR;1;Superintendência de Assuntos Jurídicos;Secretaria da Fazenda;atualizar endereço;0;complemento do endereço;CENTRO;PALMAS;TO;77018522;63 - 1234-5678;atualizar_email@sefaz.to.gov.br
279;013.SUCOLI;1;Superintendência de Compras e Central de Licitação;Secretaria da Fazenda;atualizar endereço;0;complemento do endereço;CENTRO;PALMAS;TO;77025464;63 - 1234-5678;atualizar_email@sefaz.to.gov.br
280;013.SUCOG;1;Superintendência de Contabilidade Geral;Secretaria da Fazenda;atualizar endereço;0;complemento do endereço;CENTRO;PALMAS;TO;77016638;63 - 1234-5678;atualizar_email@sefaz.to.gov.br
281;013.SUPEFE;1;Superintendência de Enfret a Frau Fis Estruturadas;Secretaria da Fazenda;atualizar endereço;0;complemento do endereço;CENTRO;PALMAS;TO;77015288;63 - 1234-5678;atualizar_email@sefaz.to.gov.br
282;013.SUTIF;1;Superintendência de Tecnol e Inov Fazendária;Secretaria da Fazenda;atualizar endereço;0;complemento do endereço;CENTRO;PALMAS;TO;77006798;63 - 1234-5678;atualizar_email@sefaz.to.gov.br
283;013.SUTES;1;Superintendência do Tesouro Estadual;Secretaria da Fazenda;atualizar endereço;0;complemento do endereço;CENTRO;PALMAS;TO;77015318;63 - 1234-5678;atualizar_email@sefaz.to.gov.br
284;013.SERCED;1;Servidores Cedidos Externos;Secretaria da Fazenda;atualizar endereço;0;complemento do endereço;CENTRO;PALMAS;TO;77015318;63 - 1234-5678;atualizar_email@sefaz.to.gov.br
